Order_ID,Order_Date,Customer,Region,Category,Product,Quantity,Unit_Price,Sales,Cost,Profit,Customer_Segment,Payment_Mode
ORD00219,2024-01-01,Customer 119,East,Electronics,Smartphone,9,40892,368028,288589.68,79438.32,Corporate,Credit Card
ORD00072,2024-01-01,Customer 190,North,Electronics,Headphones,8,5924,47392,35814.02,11577.98,Small Business,Cash
ORD00924,2024-01-02,Customer 101,North,Furniture,Bookshelf,9,8071,72639,50245.46,22393.54,Corporate,Credit Card
ORD00232,2024-01-03,Customer 85,South,Office Supplies,Pen Set,3,209,627,445.57,181.43,Corporate,Debit Card
ORD00489,2024-01-03,Customer 242,North,Furniture,Table,4,8278,33112,20538.03,12573.97,Consumer,Debit Card
ORD00842,2024-01-04,Customer 138,East,Electronics,Laptop,7,59484,416388,285725.56,130662.44,Consumer,Cash
ORD00092,2024-01-05,Customer 92,South,Electronics,Tablet,2,35161,70322,42612.48,27709.52,Consumer,Debit Card
ORD00425,2024-01-05,Customer 84,West,Furniture,Desk,9,21824,196416,141910.55,54505.45,Consumer,UPI
ORD00593,2024-01-05,Customer 20,South,Furniture,Bookshelf,9,10049,90441,50480.98,39960.02,Corporate,UPI
ORD00584,2024-01-05,Customer 237,North,Electronics,Laptop,8,54298,434384,325894.5,108489.5,Small Business,Credit Card
ORD00592,2024-01-06,Customer 197,South,Electronics,Laptop,5,83783,418915,328068.56,90846.44,Corporate,Credit Card
ORD00570,2024-01-06,Customer 147,West,Electronics,Tablet,7,16763,117341,82059.27,35281.73,Corporate,Cash
ORD00187,2024-01-07,Customer 29,East,Office Supplies,File Folder,4,229,916,677.44,238.56,Consumer,Debit Card
ORD00476,2024-01-07,Customer 137,West,Office Supplies,Notebook,1,162,162,104.72,57.28,Small Business,Credit Card
ORD00743,2024-01-10,Customer 125,North,Electronics,Headphones,7,5703,39921,28855.36,11065.64,Consumer,Cash
ORD00499,2024-01-11,Customer 206,East,Electronics,Tablet,4,38312,153248,92404.5,60843.5,Small Business,UPI
ORD00220,2024-01-12,Customer 276,North,Furniture,Office Chair,5,14200,71000,49427.9,21572.1,Corporate,Cash
ORD00076,2024-01-12,Customer 224,West,Furniture,Desk,6,10330,61980,48052.44,13927.56,Corporate,Cash
ORD00777,2024-01-12,Customer 81,South,Electronics,Headphones,2,3244,6488,3769.7,2718.3,Corporate,Debit Card
ORD00109,2024-01-13,Customer 168,South,Furniture,Table,5,11038,55190,37928.25,17261.75,Consumer,UPI
ORD00532,2024-01-14,Customer 203,West,Furniture,Desk,1,9217,9217,6717.12,2499.88,Small Business,Credit Card
ORD00016,2024-01-15,Customer 42,West,Furniture,Bookshelf,7,10938,76566,52117.19,24448.81,Consumer,UPI
ORD00700,2024-01-15,Customer 4,East,Electronics,Smartphone,8,52244,417952,314703.87,103248.13,Consumer,Credit Card
ORD00426,2024-01-15,Customer 224,North,Furniture,Table,6,6696,40176,31718.29,8457.71,Corporate,Credit Card
ORD00929,2024-01-16,Customer 205,North,Furniture,Table,8,15161,121288,87001.88,34286.12,Corporate,UPI
ORD00438,2024-01-17,Customer 274,North,Electronics,Laptop,7,70058,490406,303505.89,186900.11,Consumer,Cash
ORD00154,2024-01-17,Customer 57,East,Furniture,Desk,2,23314,46628,36338.52,10289.48,Consumer,UPI
ORD00907,2024-01-18,Customer 242,North,Office Supplies,File Folder,1,156,156,103.28,52.72,Corporate,Debit Card
ORD00771,2024-01-19,Customer 262,West,Electronics,Tablet,8,17190,137520,94734.0,42786.0,Small Business,Credit Card
ORD00814,2024-01-19,Customer 300,East,Electronics,Smartphone,4,48635,194540,141789.56,52750.44,Consumer,Cash
ORD00466,2024-01-19,Customer 214,North,Furniture,Desk,8,23433,187464,123387.25,64076.75,Small Business,Debit Card
ORD00885,2024-01-21,Customer 100,West,Electronics,Smartphone,9,52777,474993,325046.7,149946.3,Small Business,UPI
ORD00186,2024-01-22,Customer 120,East,Electronics,Laptop,6,58073,348438,232893.68,115544.32,Corporate,Debit Card
ORD00724,2024-01-22,Customer 291,North,Furniture,Table,4,7644,30576,19956.26,10619.74,Corporate,Debit Card
ORD00316,2024-01-22,Customer 112,North,Electronics,Smartphone,1,28140,28140,16468.65,11671.35,Corporate,Debit Card
ORD00291,2024-01-23,Customer 30,East,Furniture,Table,3,13894,41682,24028.95,17653.05,Small Business,Credit Card
ORD00122,2024-01-23,Customer 218,North,Office Supplies,Printer,8,15789,126312,76650.89,49661.11,Corporate,Debit Card
ORD00262,2024-01-25,Customer 141,North,Furniture,Desk,4,18138,72552,57185.44,15366.56,Corporate,Cash
ORD00785,2024-01-25,Customer 279,South,Office Supplies,Notebook,4,219,876,495.37,380.63,Consumer,Cash
ORD00037,2024-01-27,Customer 226,North,Furniture,Desk,3,17677,53031,41179.88,11851.12,Corporate,Credit Card
ORD00720,2024-01-27,Customer 271,South,Electronics,Smartphone,6,20454,122724,69673.97,53050.03,Small Business,Cash
ORD00832,2024-01-27,Customer 220,South,Office Supplies,Pen Set,7,479,3353,2274.06,1078.94,Small Business,UPI
ORD00214,2024-01-28,Customer 66,East,Electronics,Headphones,2,4814,9628,5689.0,3939.0,Consumer,Credit Card
ORD00882,2024-01-28,Customer 1,West,Furniture,Bookshelf,4,14737,58948,42501.14,16446.86,Small Business,Cash
ORD00468,2024-01-29,Customer 280,South,Electronics,Tablet,6,36028,216168,124370.79,91797.21,Small Business,Debit Card
ORD00365,2024-01-30,Customer 188,West,Furniture,Bookshelf,9,8020,72180,55249.14,16930.86,Corporate,Cash
ORD00869,2024-01-31,Customer 249,North,Furniture,Office Chair,8,7311,58488,44505.4,13982.6,Consumer,UPI
ORD00318,2024-02-01,Customer 277,West,Electronics,Tablet,3,13854,41562,28025.84,13536.16,Corporate,UPI
ORD00619,2024-02-03,Customer 141,East,Furniture,Desk,4,23428,93712,59449.31,34262.69,Corporate,Debit Card
ORD00007,2024-02-04,Customer 206,North,Electronics,Headphones,7,3556,24892,18875.57,6016.43,Corporate,Cash
ORD00344,2024-02-04,Customer 267,West,Furniture,Bookshelf,1,6479,6479,3619.61,2859.39,Corporate,Debit Card
ORD00239,2024-02-05,Customer 84,West,Furniture,Bookshelf,8,12105,96840,57746.38,39093.62,Corporate,UPI
ORD00044,2024-02-05,Customer 173,West,Office Supplies,Notebook,8,62,496,282.92,213.08,Consumer,Cash
ORD00449,2024-02-07,Customer 239,North,Electronics,Tablet,6,34318,205908,123087.62,82820.38,Consumer,Credit Card
ORD00116,2024-02-08,Customer 198,South,Electronics,Smartphone,5,51455,257275,156231.88,101043.12,Small Business,UPI
ORD00480,2024-02-08,Customer 245,East,Office Supplies,Printer,2,15451,30902,18572.29,12329.71,Small Business,Cash
ORD00663,2024-02-08,Customer 132,South,Electronics,Headphones,5,6648,33240,22633.64,10606.36,Corporate,Debit Card
ORD00366,2024-02-10,Customer 63,East,Electronics,Tablet,3,25467,76401,53084.68,23316.32,Small Business,Cash
ORD00090,2024-02-12,Customer 240,East,Furniture,Desk,5,12569,62845,39729.85,23115.15,Small Business,UPI
ORD00640,2024-02-12,Customer 245,East,Furniture,Bookshelf,8,10911,87288,65025.65,22262.35,Small Business,Credit Card
ORD00812,2024-02-13,Customer 186,East,Furniture,Bookshelf,5,5847,29235,21391.81,7843.19,Corporate,Credit Card
ORD00996,2024-02-14,Customer 108,East,Office Supplies,Pen Set,3,439,1317,955.59,361.41,Small Business,Debit Card
ORD00093,2024-02-15,Customer 34,North,Furniture,Office Chair,6,11376,68256,43615.44,24640.56,Corporate,Debit Card
ORD00866,2024-02-16,Customer 13,West,Office Supplies,Pen Set,1,243,243,169.96,73.04,Small Business,UPI
ORD00761,2024-02-18,Customer 55,South,Electronics,Laptop,1,77454,77454,56640.39,20813.61,Small Business,Cash
ORD00306,2024-02-18,Customer 74,West,Electronics,Tablet,3,19999,59997,35789.73,24207.27,Consumer,Cash
ORD00621,2024-02-19,Customer 5,West,Office Supplies,Notebook,4,58,232,159.24,72.76,Small Business,Debit Card
ORD00124,2024-02-20,Customer 29,South,Office Supplies,Printer,1,13795,13795,8878.58,4916.42,Consumer,Debit Card
ORD00492,2024-02-21,Customer 153,North,Office Supplies,Printer,7,5060,35420,22613.8,12806.2,Small Business,Debit Card
ORD00985,2024-02-21,Customer 91,North,Furniture,Office Chair,7,13789,96523,55214.59,41308.41,Corporate,Credit Card
ORD00651,2024-02-21,Customer 263,East,Electronics,Laptop,3,63543,190629,130808.3,59820.7,Small Business,Credit Card
ORD00397,2024-02-22,Customer 275,North,Office Supplies,Notebook,5,62,310,217.27,92.73,Consumer,Debit Card
ORD00399,2024-02-22,Customer 22,South,Electronics,Headphones,2,7555,15110,9196.9,5913.1,Small Business,Cash
ORD00171,2024-02-23,Customer 47,East,Electronics,Laptop,3,64199,192597,122786.62,69810.38,Consumer,Credit Card
ORD00046,2024-02-23,Customer 101,North,Furniture,Desk,6,16907,101442,56777.97,44664.03,Consumer,Cash
ORD00418,2024-02-24,Customer 7,West,Furniture,Desk,7,24908,174356,110794.68,63561.32,Consumer,Debit Card
ORD00299,2024-02-24,Customer 254,West,Electronics,Tablet,8,28100,224800,156235.09,68564.91,Corporate,Debit Card
ORD00730,2024-02-25,Customer 113,North,Electronics,Smartphone,7,21001,147007,87832.1,59174.9,Corporate,Debit Card
ORD00439,2024-02-27,Customer 154,North,Furniture,Office Chair,2,8008,16016,9771.36,6244.64,Small Business,Debit Card
ORD00517,2024-02-28,Customer 40,North,Office Supplies,Pen Set,6,115,690,414.39,275.61,Small Business,Debit Card
ORD00420,2024-02-28,Customer 132,West,Office Supplies,Notebook,8,249,1992,1198.73,793.27,Small Business,Credit Card
ORD00004,2024-02-28,Customer 170,West,Office Supplies,File Folder,6,138,828,515.68,312.32,Small Business,Debit Card
ORD00887,2024-02-28,Customer 99,South,Electronics,Laptop,5,72259,361295,199330.13,161964.87,Small Business,Debit Card
ORD00545,2024-02-29,Customer 138,East,Office Supplies,Pen Set,8,192,1536,934.08,601.92,Consumer,Cash
ORD00859,2024-03-04,Customer 29,West,Office Supplies,Printer,3,20229,60687,37376.39,23310.61,Small Business,Credit Card
ORD00534,2024-03-04,Customer 260,North,Office Supplies,Notebook,9,282,2538,1440.19,1097.81,Small Business,Cash
ORD00735,2024-03-05,Customer 182,North,Electronics,Headphones,8,6530,52240,28739.81,23500.19,Consumer,Cash
ORD00741,2024-03-05,Customer 100,South,Furniture,Office Chair,6,11681,70086,47514.46,22571.54,Small Business,Credit Card
ORD00346,2024-03-05,Customer 8,North,Electronics,Tablet,1,32961,32961,25371.56,7589.44,Small Business,UPI
ORD00874,2024-03-07,Customer 6,North,Furniture,Bookshelf,4,8760,35040,20197.5,14842.5,Corporate,Debit Card
ORD00733,2024-03-08,Customer 52,South,Furniture,Table,6,9565,57390,42791.42,14598.58,Small Business,Credit Card
ORD00922,2024-03-09,Customer 99,East,Furniture,Bookshelf,5,4392,21960,17243.41,4716.59,Consumer,Debit Card
ORD00772,2024-03-09,Customer 11,East,Office Supplies,Pen Set,5,403,2015,1287.63,727.37,Small Business,Debit Card
ORD00783,2024-03-10,Customer 57,South,Electronics,Tablet,8,27047,216376,137250.92,79125.08,Small Business,Cash
ORD00616,2024-03-11,Customer 180,West,Office Supplies,File Folder,5,207,1035,641.63,393.37,Consumer,Credit Card
ORD00732,2024-03-11,Customer 248,South,Electronics,Tablet,2,21017,42034,23514.85,18519.15,Corporate,UPI
ORD00591,2024-03-12,Customer 143,South,Furniture,Desk,3,13509,40527,24140.64,16386.36,Consumer,UPI
ORD00001,2024-03-12,Customer 189,North,Furniture,Bookshelf,4,4860,19440,11583.49,7856.51,Small Business,Debit Card
ORD00398,2024-03-14,Customer 10,West,Electronics,Laptop,7,57190,400330,306946.37,93383.63,Corporate,Cash
ORD00694,2024-03-15,Customer 142,South,Office Supplies,Pen Set,9,137,1233,706.3,526.7,Small Business,UPI
ORD00230,2024-03-16,Customer 199,East,Furniture,Bookshelf,9,6772,60948,38467.11,22480.89,Consumer,UPI
ORD00840,2024-03-18,Customer 178,North,Furniture,Desk,3,15061,45183,29317.2,15865.8,Corporate,Cash
ORD00096,2024-03-18,Customer 216,South,Furniture,Table,6,13717,82302,57987.0,24315.0,Consumer,Debit Card
ORD00769,2024-03-18,Customer 272,East,Furniture,Bookshelf,8,11489,91912,70210.45,21701.55,Corporate,Cash
ORD00421,2024-03-19,Customer 124,East,Office Supplies,Notebook,2,275,550,369.06,180.94,Corporate,Cash
ORD00933,2024-03-19,Customer 289,North,Office Supplies,Printer,2,16926,33852,25839.03,8012.97,Consumer,Credit Card
ORD00979,2024-03-20,Customer 135,South,Electronics,Headphones,6,4306,25836,19414.23,6421.77,Consumer,UPI
ORD00827,2024-03-21,Customer 39,West,Furniture,Office Chair,7,10585,74095,46078.04,28016.96,Consumer,Cash
ORD00385,2024-03-22,Customer 92,East,Electronics,Smartphone,1,45386,45386,35111.21,10274.79,Small Business,UPI
ORD00551,2024-03-22,Customer 208,North,Office Supplies,Notebook,8,197,1576,873.03,702.97,Small Business,Cash
ORD00157,2024-03-26,Customer 250,East,Office Supplies,Printer,7,13592,95144,56624.37,38519.63,Corporate,UPI
ORD00944,2024-03-26,Customer 53,West,Electronics,Tablet,8,21107,168856,123629.48,45226.52,Small Business,UPI
ORD00579,2024-03-27,Customer 176,East,Electronics,Smartphone,4,27427,109708,85275.35,24432.65,Consumer,Debit Card
ORD00278,2024-03-27,Customer 43,North,Furniture,Office Chair,8,9940,79520,44491.87,35028.13,Consumer,UPI
ORD00135,2024-03-27,Customer 55,West,Electronics,Tablet,3,22093,66279,45178.72,21100.28,Corporate,UPI
ORD00402,2024-03-28,Customer 264,North,Electronics,Smartphone,6,41917,251502,194645.37,56856.63,Corporate,Credit Card
ORD00615,2024-03-30,Customer 208,West,Furniture,Table,4,16220,64880,37104.73,27775.27,Corporate,Credit Card
ORD00932,2024-03-30,Customer 60,East,Electronics,Smartphone,1,35625,35625,27311.87,8313.13,Small Business,Cash
ORD00807,2024-03-30,Customer 49,South,Office Supplies,Pen Set,8,273,2184,1684.05,499.95,Corporate,UPI
ORD00058,2024-03-30,Customer 264,North,Office Supplies,File Folder,2,84,168,106.54,61.46,Corporate,Debit Card
ORD00750,2024-03-30,Customer 226,South,Electronics,Headphones,6,4174,25044,17650.81,7393.19,Consumer,Debit Card
ORD00867,2024-03-30,Customer 186,South,Furniture,Office Chair,2,5437,10874,7983.76,2890.24,Small Business,Debit Card
ORD00525,2024-03-31,Customer 61,South,Office Supplies,Pen Set,4,239,956,603.87,352.13,Small Business,Credit Card
ORD00959,2024-04-01,Customer 190,East,Office Supplies,Notebook,5,275,1375,880.55,494.45,Small Business,Debit Card
ORD00894,2024-04-01,Customer 52,North,Office Supplies,Printer,9,20043,180387,117869.65,62517.35,Corporate,Cash
ORD00502,2024-04-02,Customer 239,North,Electronics,Smartphone,2,20618,41236,28315.58,12920.42,Consumer,Credit Card
ORD00050,2024-04-05,Customer 126,South,Furniture,Office Chair,1,6081,6081,4735.9,1345.1,Consumer,Cash
ORD00118,2024-04-06,Customer 289,South,Office Supplies,Pen Set,4,256,1024,602.03,421.97,Corporate,Debit Card
ORD00465,2024-04-06,Customer 5,North,Office Supplies,Pen Set,5,382,1910,1247.07,662.93,Corporate,Credit Card
ORD00160,2024-04-07,Customer 131,North,Furniture,Table,3,7667,23001,13343.84,9657.16,Small Business,Cash
ORD00707,2024-04-08,Customer 82,East,Furniture,Bookshelf,7,5605,39235,25178.68,14056.32,Corporate,Cash
ORD00910,2024-04-08,Customer 278,East,Furniture,Desk,6,24945,149670,102264.1,47405.9,Small Business,Cash
ORD00458,2024-04-09,Customer 32,West,Furniture,Bookshelf,1,11106,11106,7447.96,3658.04,Corporate,Credit Card
ORD00054,2024-04-09,Customer 290,West,Furniture,Office Chair,7,10881,76167,53618.71,22548.29,Small Business,Debit Card
ORD00408,2024-04-10,Customer 28,West,Electronics,Headphones,3,6842,20526,14594.75,5931.25,Consumer,UPI
ORD00258,2024-04-10,Customer 244,South,Electronics,Tablet,6,22382,134292,107170.32,27121.68,Small Business,Credit Card
ORD00893,2024-04-11,Customer 210,South,Electronics,Tablet,3,32541,97623,57938.3,39684.7,Small Business,Cash
ORD00980,2024-04-12,Customer 7,West,Furniture,Table,1,8641,8641,6285.76,2355.24,Small Business,UPI
ORD00940,2024-04-12,Customer 55,North,Office Supplies,Notebook,5,110,550,335.16,214.84,Consumer,Debit Card
ORD00379,2024-04-13,Customer 214,North,Electronics,Tablet,1,31554,31554,24299.06,7254.94,Corporate,UPI
ORD00008,2024-04-15,Customer 260,South,Electronics,Headphones,2,2021,4042,2748.63,1293.37,Consumer,UPI
ORD00170,2024-04-16,Customer 226,North,Furniture,Office Chair,3,8564,25692,14903.54,10788.46,Corporate,Credit Card
ORD00586,2024-04-17,Customer 90,North,Office Supplies,File Folder,3,79,237,181.51,55.49,Small Business,Cash
ORD00162,2024-04-17,Customer 227,South,Electronics,Smartphone,1,43687,43687,28689.44,14997.56,Corporate,Debit Card
ORD00647,2024-04-20,Customer 43,East,Furniture,Desk,9,20397,183573,115078.69,68494.31,Corporate,Debit Card
ORD00680,2024-04-20,Customer 137,West,Office Supplies,Notebook,3,105,315,205.6,109.4,Consumer,Cash
ORD00644,2024-04-20,Customer 129,North,Electronics,Tablet,1,32350,32350,20436.64,11913.36,Corporate,Credit Card
ORD00779,2024-04-21,Customer 8,West,Office Supplies,File Folder,5,59,295,222.22,72.78,Consumer,Debit Card
ORD00450,2024-04-21,Customer 206,North,Furniture,Bookshelf,2,6749,13498,10184.33,3313.67,Corporate,Cash
ORD00024,2024-04-22,Customer 2,South,Furniture,Office Chair,1,16191,16191,9054.36,7136.64,Corporate,UPI
ORD00390,2024-04-22,Customer 30,East,Electronics,Tablet,3,35921,107763,77503.72,30259.28,Small Business,Credit Card
ORD00994,2024-04-22,Customer 23,South,Furniture,Desk,2,17481,34962,27942.06,7019.94,Small Business,Debit Card
ORD00811,2024-04-23,Customer 242,East,Office Supplies,Pen Set,4,294,1176,851.77,324.23,Consumer,Cash
ORD00975,2024-04-24,Customer 121,North,Electronics,Laptop,5,68105,340525,242429.97,98095.03,Consumer,Cash
ORD00143,2024-04-24,Customer 209,South,Furniture,Table,7,9223,64561,38447.8,26113.2,Consumer,Cash
ORD00713,2024-04-24,Customer 284,East,Furniture,Bookshelf,1,14570,14570,9873.25,4696.75,Small Business,Debit Card
ORD00336,2024-04-24,Customer 225,South,Office Supplies,Notebook,3,126,378,292.84,85.16,Small Business,UPI
ORD00509,2024-04-25,Customer 49,North,Office Supplies,File Folder,9,153,1377,1090.61,286.39,Corporate,Debit Card
ORD00850,2024-04-25,Customer 162,East,Office Supplies,Pen Set,7,216,1512,1046.8,465.2,Small Business,UPI
ORD00049,2024-04-26,Customer 279,East,Office Supplies,File Folder,7,139,973,541.32,431.68,Consumer,Cash
ORD00073,2024-04-26,Customer 134,South,Electronics,Laptop,9,83591,752319,513151.17,239167.83,Consumer,Cash
ORD00957,2024-04-27,Customer 237,North,Office Supplies,File Folder,2,73,146,105.19,40.81,Small Business,Cash
ORD00948,2024-04-27,Customer 202,East,Furniture,Office Chair,2,7486,14972,8591.12,6380.88,Consumer,UPI
ORD00413,2024-04-27,Customer 54,South,Office Supplies,Pen Set,3,112,336,189.68,146.32,Consumer,Cash
ORD00653,2024-04-27,Customer 54,North,Furniture,Table,9,14484,130356,96676.16,33679.84,Corporate,Cash
ORD00119,2024-04-27,Customer 294,North,Office Supplies,Printer,5,18946,94730,69973.15,24756.85,Small Business,UPI
ORD00978,2024-04-27,Customer 253,South,Furniture,Bookshelf,8,7431,59448,38855.72,20592.28,Small Business,Credit Card
ORD00298,2024-04-28,Customer 71,West,Office Supplies,File Folder,9,222,1998,1145.35,852.65,Consumer,Debit Card
ORD00775,2024-04-28,Customer 238,South,Furniture,Bookshelf,7,7723,54061,32340.24,21720.76,Consumer,Debit Card
ORD00173,2024-04-29,Customer 89,North,Furniture,Table,3,17447,52341,34851.0,17490.0,Corporate,Credit Card
ORD00094,2024-04-30,Customer 214,East,Office Supplies,Pen Set,9,381,3429,2571.24,857.76,Corporate,UPI
ORD00286,2024-05-01,Customer 32,South,Furniture,Office Chair,3,5685,17055,9434.46,7620.54,Small Business,UPI
ORD00673,2024-05-02,Customer 266,West,Office Supplies,Pen Set,7,477,3339,1903.32,1435.68,Consumer,UPI
ORD00285,2024-05-03,Customer 114,South,Office Supplies,Printer,1,17232,17232,11080.9,6151.1,Corporate,Cash
ORD00464,2024-05-03,Customer 113,West,Electronics,Tablet,2,32979,65958,47391.15,18566.85,Corporate,Credit Card
ORD00607,2024-05-04,Customer 175,North,Office Supplies,Notebook,9,72,648,367.04,280.96,Small Business,Cash
ORD00529,2024-05-04,Customer 138,East,Electronics,Tablet,3,25519,76557,50045.6,26511.4,Consumer,Cash
ORD00099,2024-05-05,Customer 300,North,Office Supplies,Notebook,1,280,280,160.24,119.76,Consumer,Credit Card
ORD00686,2024-05-06,Customer 168,West,Electronics,Laptop,5,64745,323725,250088.74,73636.26,Corporate,Credit Card
ORD00223,2024-05-08,Customer 264,North,Office Supplies,File Folder,7,57,399,316.2,82.8,Corporate,Credit Card
ORD00275,2024-05-08,Customer 130,West,Office Supplies,Notebook,1,169,169,106.28,62.72,Consumer,Credit Card
ORD00491,2024-05-08,Customer 196,West,Electronics,Headphones,3,1802,5406,4062.4,1343.6,Small Business,Cash
ORD00260,2024-05-09,Customer 206,West,Office Supplies,Notebook,5,212,1060,628.98,431.02,Corporate,Cash
ORD00025,2024-05-09,Customer 53,West,Furniture,Office Chair,1,11528,11528,7030.82,4497.18,Corporate,Cash
ORD00704,2024-05-09,Customer 246,West,Furniture,Office Chair,8,13264,106112,78523.03,27588.97,Small Business,UPI
ORD00946,2024-05-09,Customer 84,East,Furniture,Office Chair,2,8690,17380,9895.67,7484.33,Corporate,Debit Card
ORD00153,2024-05-10,Customer 229,West,Office Supplies,Notebook,8,91,728,484.06,243.94,Small Business,Debit Card
ORD00005,2024-05-10,Customer 135,North,Electronics,Tablet,7,13267,92869,64832.19,28036.81,Consumer,UPI
ORD00760,2024-05-10,Customer 298,East,Office Supplies,File Folder,1,131,131,99.21,31.79,Consumer,Cash
ORD00296,2024-05-11,Customer 111,North,Furniture,Bookshelf,6,11378,68268,54551.84,13716.16,Corporate,Cash
ORD00728,2024-05-11,Customer 260,North,Furniture,Desk,1,13240,13240,9617.41,3622.59,Corporate,UPI
ORD00233,2024-05-12,Customer 293,East,Office Supplies,File Folder,5,203,1015,585.89,429.11,Small Business,UPI
ORD00837,2024-05-12,Customer 108,South,Furniture,Bookshelf,9,9470,85230,57338.9,27891.1,Corporate,Debit Card
ORD00914,2024-05-12,Customer 139,North,Electronics,Smartphone,7,15328,107296,63701.23,43594.77,Corporate,Cash
ORD00473,2024-05-13,Customer 207,East,Electronics,Tablet,2,31233,62466,45347.07,17118.93,Corporate,Credit Card
ORD00939,2024-05-13,Customer 283,West,Electronics,Smartphone,4,38535,154140,94727.77,59412.23,Consumer,Debit Card
ORD00648,2024-05-16,Customer 20,West,Electronics,Tablet,7,12298,86086,53326.94,32759.06,Small Business,Cash
ORD01000,2024-05-17,Customer 129,North,Office Supplies,Pen Set,7,276,1932,1196.37,735.63,Consumer,Credit Card
ORD00507,2024-05-18,Customer 181,South,Electronics,Tablet,3,17057,51171,33319.6,17851.4,Corporate,Credit Card
ORD00916,2024-05-18,Customer 174,North,Furniture,Office Chair,8,8170,65360,44662.26,20697.74,Small Business,Cash
ORD00982,2024-05-19,Customer 201,East,Electronics,Smartphone,8,32952,263616,199702.49,63913.51,Corporate,UPI
ORD00167,2024-05-19,Customer 187,South,Office Supplies,Notebook,1,170,170,122.39,47.61,Consumer,Credit Card
ORD00790,2024-05-19,Customer 280,South,Electronics,Tablet,7,25562,178934,111024.89,67909.11,Consumer,Credit Card
ORD00404,2024-05-20,Customer 83,North,Office Supplies,Notebook,2,221,442,306.28,135.72,Corporate,Cash
ORD00845,2024-05-20,Customer 155,South,Furniture,Table,9,16559,149031,85375.67,63655.33,Consumer,Cash
ORD00763,2024-05-23,Customer 200,North,Electronics,Laptop,9,73817,664353,375775.82,288577.18,Small Business,Cash
ORD00505,2024-05-23,Customer 25,South,Electronics,Tablet,5,22655,113275,82539.0,30736.0,Consumer,Cash
ORD00064,2024-05-23,Customer 69,East,Office Supplies,File Folder,4,132,528,355.48,172.52,Consumer,Cash
ORD00671,2024-05-23,Customer 167,West,Office Supplies,Printer,9,16348,147132,96155.95,50976.05,Small Business,UPI
ORD00548,2024-05-24,Customer 65,East,Furniture,Desk,8,21139,169112,113636.26,55475.74,Small Business,UPI
ORD00596,2024-05-24,Customer 50,North,Office Supplies,File Folder,8,201,1608,1130.36,477.64,Small Business,Cash
ORD00813,2024-05-24,Customer 37,North,Electronics,Headphones,7,7811,54677,34328.71,20348.29,Small Business,Debit Card
ORD00243,2024-05-25,Customer 164,South,Electronics,Tablet,4,19227,76908,55208.88,21699.12,Consumer,UPI
ORD00145,2024-05-25,Customer 128,North,Electronics,Smartphone,7,23996,167972,93156.88,74815.12,Corporate,Cash
ORD00695,2024-05-25,Customer 241,West,Furniture,Office Chair,3,6248,18744,10737.6,8006.4,Consumer,Cash
ORD00683,2024-05-26,Customer 35,East,Electronics,Smartphone,2,49552,99104,70548.62,28555.38,Consumer,Debit Card
ORD00139,2024-05-26,Customer 112,North,Office Supplies,Printer,7,21032,147224,88624.66,58599.34,Small Business,Cash
ORD00279,2024-05-27,Customer 277,West,Furniture,Table,3,7711,23133,12928.87,10204.13,Corporate,UPI
ORD00580,2024-05-28,Customer 116,South,Office Supplies,Notebook,2,207,414,325.01,88.99,Consumer,Debit Card
ORD00569,2024-05-28,Customer 115,South,Office Supplies,Notebook,1,276,276,180.68,95.32,Small Business,Cash
ORD00635,2024-05-29,Customer 36,North,Furniture,Table,2,10247,20494,15693.33,4800.67,Corporate,Debit Card
ORD00222,2024-05-30,Customer 126,North,Electronics,Smartphone,7,55363,387541,264714.24,122826.76,Corporate,Debit Card
ORD00577,2024-05-31,Customer 5,East,Electronics,Headphones,8,4081,32648,19402.65,13245.35,Corporate,UPI
ORD00146,2024-06-01,Customer 76,East,Office Supplies,Notebook,6,83,498,342.9,155.1,Consumer,Debit Card
ORD00442,2024-06-02,Customer 40,North,Electronics,Tablet,7,35854,250978,194743.72,56234.28,Consumer,Debit Card
ORD00242,2024-06-02,Customer 293,West,Office Supplies,Printer,8,11295,90360,57681.79,32678.21,Corporate,Cash
ORD00539,2024-06-03,Customer 181,East,Office Supplies,Pen Set,7,144,1008,800.4,207.6,Small Business,Credit Card
ORD00821,2024-06-04,Customer 5,West,Electronics,Headphones,4,3533,14132,8757.23,5374.77,Consumer,Debit Card
ORD00416,2024-06-04,Customer 272,East,Office Supplies,Printer,6,17096,102576,64414.24,38161.76,Consumer,Cash
ORD00189,2024-06-05,Customer 75,West,Office Supplies,Notebook,7,64,448,335.42,112.58,Corporate,UPI
ORD00934,2024-06-06,Customer 275,North,Furniture,Bookshelf,9,6233,56097,38365.99,17731.01,Small Business,Cash
ORD00040,2024-06-09,Customer 256,East,Electronics,Laptop,4,50190,200760,125760.93,74999.07,Corporate,Credit Card
ORD00833,2024-06-10,Customer 38,East,Electronics,Laptop,2,76183,152366,106012.67,46353.33,Small Business,Credit Card
ORD00618,2024-06-12,Customer 224,West,Furniture,Bookshelf,4,12476,49904,29309.24,20594.76,Corporate,Credit Card
ORD00636,2024-06-12,Customer 148,South,Electronics,Headphones,8,3776,30208,18939.56,11268.44,Corporate,UPI
ORD00726,2024-06-13,Customer 201,North,Furniture,Office Chair,4,6551,26204,16878.09,9325.91,Corporate,Credit Card
ORD00854,2024-06-14,Customer 293,South,Electronics,Laptop,6,73790,442740,271378.23,171361.77,Small Business,UPI
ORD00460,2024-06-16,Customer 193,North,Furniture,Table,3,9997,29991,20592.05,9398.95,Small Business,Cash
ORD00844,2024-06-16,Customer 176,South,Furniture,Table,3,9354,28062,18551.76,9510.24,Small Business,UPI
ORD00147,2024-06-16,Customer 98,West,Furniture,Desk,5,14992,74960,46222.18,28737.82,Consumer,Credit Card
ORD00373,2024-06-18,Customer 124,North,Furniture,Office Chair,5,7169,35845,20755.5,15089.5,Small Business,UPI
ORD00628,2024-06-19,Customer 195,West,Electronics,Headphones,3,7553,22659,14092.94,8566.06,Small Business,Debit Card
ORD00892,2024-06-20,Customer 231,West,Electronics,Headphones,2,5849,11698,6861.16,4836.84,Small Business,Debit Card
ORD00668,2024-06-20,Customer 274,East,Furniture,Office Chair,2,10811,21622,12022.43,9599.57,Small Business,UPI
ORD00963,2024-06-21,Customer 234,North,Office Supplies,Notebook,3,259,777,460.22,316.78,Corporate,Cash
ORD00272,2024-06-21,Customer 160,West,Electronics,Smartphone,5,31052,155260,116504.66,38755.34,Consumer,UPI
ORD00711,2024-06-21,Customer 7,East,Electronics,Headphones,3,2577,7731,5307.18,2423.82,Corporate,Debit Card
ORD00277,2024-06-21,Customer 69,West,Furniture,Table,1,5078,5078,3921.98,1156.02,Consumer,UPI
ORD00406,2024-06-23,Customer 23,North,Office Supplies,Pen Set,9,219,1971,1417.07,553.93,Consumer,UPI
ORD00417,2024-06-23,Customer 222,North,Office Supplies,File Folder,6,230,1380,785.35,594.65,Corporate,Credit Card
ORD00881,2024-06-24,Customer 79,South,Electronics,Tablet,7,14096,98672,76367.58,22304.42,Consumer,UPI
ORD00493,2024-06-25,Customer 295,West,Furniture,Bookshelf,5,13763,68815,48724.75,20090.25,Consumer,Credit Card
ORD00880,2024-06-26,Customer 215,East,Electronics,Tablet,2,38081,76162,47502.57,28659.43,Small Business,UPI
ORD00705,2024-06-27,Customer 197,East,Furniture,Table,7,6174,43218,27939.78,15278.22,Small Business,Credit Card
ORD00129,2024-06-28,Customer 198,North,Office Supplies,File Folder,3,231,693,411.71,281.29,Consumer,Credit Card
ORD00770,2024-06-28,Customer 123,South,Furniture,Desk,4,23661,94644,54613.26,40030.74,Corporate,Credit Card
ORD00697,2024-06-30,Customer 129,South,Electronics,Smartphone,3,19818,59454,41790.91,17663.09,Small Business,Credit Card
ORD00824,2024-07-02,Customer 198,East,Electronics,Headphones,4,3731,14924,8532.67,6391.33,Consumer,Credit Card
ORD00026,2024-07-02,Customer 123,North,Furniture,Desk,7,11931,83517,47622.51,35894.49,Small Business,Debit Card
ORD00089,2024-07-02,Customer 273,West,Electronics,Laptop,5,87660,438300,257180.58,181119.42,Consumer,Debit Card
ORD00382,2024-07-02,Customer 20,North,Furniture,Desk,7,23859,167013,94268.03,72744.97,Corporate,Debit Card
ORD00221,2024-07-03,Customer 39,East,Office Supplies,Pen Set,2,316,632,448.58,183.42,Small Business,UPI
ORD00556,2024-07-03,Customer 6,South,Furniture,Desk,6,13855,83130,57334.05,25795.95,Small Business,Debit Card
ORD00624,2024-07-05,Customer 138,South,Furniture,Office Chair,3,14822,44466,29655.28,14810.72,Corporate,Cash
ORD00857,2024-07-05,Customer 38,North,Office Supplies,Printer,7,18737,131159,101628.96,29530.04,Small Business,Cash
ORD00393,2024-07-06,Customer 173,West,Electronics,Headphones,6,2098,12588,8021.14,4566.86,Corporate,Credit Card
ORD00863,2024-07-06,Customer 230,North,Office Supplies,Printer,5,7824,39120,25691.03,13428.97,Small Business,Debit Card
ORD00445,2024-07-07,Customer 164,South,Electronics,Tablet,8,23546,188368,142963.11,45404.89,Consumer,Cash
ORD00283,2024-07-08,Customer 255,South,Office Supplies,Notebook,9,266,2394,1634.09,759.91,Corporate,Credit Card
ORD00566,2024-07-08,Customer 268,North,Office Supplies,Notebook,9,185,1665,1032.74,632.26,Small Business,Cash
ORD00331,2024-07-08,Customer 163,West,Electronics,Tablet,5,34683,173415,131187.5,42227.5,Corporate,Credit Card
ORD00454,2024-07-09,Customer 217,East,Office Supplies,Pen Set,5,456,2280,1312.43,967.57,Consumer,Credit Card
ORD00715,2024-07-09,Customer 200,West,Furniture,Bookshelf,9,13836,124524,90436.83,34087.17,Corporate,Cash
ORD00531,2024-07-09,Customer 51,North,Office Supplies,Pen Set,2,282,564,397.41,166.59,Corporate,Cash
ORD00751,2024-07-09,Customer 170,East,Office Supplies,File Folder,1,146,146,87.48,58.52,Consumer,Cash
ORD00098,2024-07-10,Customer 119,North,Electronics,Smartphone,6,54650,327900,212902.51,114997.49,Corporate,UPI
ORD00917,2024-07-10,Customer 160,West,Furniture,Desk,9,12839,115551,88956.74,26594.26,Small Business,Debit Card
ORD00440,2024-07-11,Customer 278,South,Office Supplies,Pen Set,9,204,1836,1114.77,721.23,Consumer,Credit Card
ORD00822,2024-07-11,Customer 237,East,Furniture,Desk,9,12724,114516,86563.95,27952.05,Corporate,Credit Card
ORD00068,2024-07-12,Customer 5,North,Furniture,Table,9,16185,145665,112595.29,33069.71,Consumer,Debit Card
ORD00508,2024-07-12,Customer 224,West,Furniture,Table,2,15674,31348,19442.67,11905.33,Corporate,Debit Card
ORD00501,2024-07-13,Customer 175,South,Office Supplies,Notebook,1,239,239,183.52,55.48,Consumer,Credit Card
ORD00920,2024-07-16,Customer 44,West,Electronics,Laptop,5,87146,435730,342827.24,92902.76,Consumer,Credit Card
ORD00868,2024-07-17,Customer 21,West,Office Supplies,Notebook,8,57,456,301.66,154.34,Small Business,Debit Card
ORD00312,2024-07-17,Customer 154,West,Furniture,Table,4,10591,42364,29232.94,13131.06,Corporate,Credit Card
ORD00808,2024-07-17,Customer 215,South,Furniture,Desk,4,15624,62496,38783.67,23712.33,Consumer,Cash
ORD00599,2024-07-19,Customer 45,South,Furniture,Table,8,8854,70832,51910.76,18921.24,Small Business,Cash
ORD00452,2024-07-20,Customer 32,East,Furniture,Table,1,13463,13463,7668.71,5794.29,Corporate,UPI
ORD00998,2024-07-22,Customer 213,West,Office Supplies,Notebook,2,277,554,376.32,177.68,Small Business,UPI
ORD00521,2024-07-22,Customer 161,West,Furniture,Desk,8,23377,187016,135537.45,51478.55,Consumer,Credit Card
ORD00217,2024-07-22,Customer 165,North,Office Supplies,File Folder,9,156,1404,1030.68,373.32,Consumer,Cash
ORD00589,2024-07-27,Customer 22,South,Office Supplies,Printer,6,6449,38694,29248.33,9445.67,Small Business,Credit Card
ORD00829,2024-07-28,Customer 17,South,Furniture,Office Chair,2,15153,30306,24171.2,6134.8,Small Business,UPI
ORD00862,2024-07-28,Customer 126,West,Furniture,Desk,4,8986,35944,21680.2,14263.8,Consumer,Cash
ORD00427,2024-07-28,Customer 78,South,Furniture,Office Chair,6,16837,101022,75942.42,25079.58,Corporate,Credit Card
ORD00888,2024-07-29,Customer 123,North,Electronics,Tablet,4,13537,54148,31230.25,22917.75,Corporate,Cash
ORD00319,2024-07-31,Customer 79,South,Electronics,Headphones,4,7357,29428,16317.43,13110.57,Corporate,UPI
ORD00198,2024-08-01,Customer 179,West,Office Supplies,Notebook,1,151,151,117.32,33.68,Consumer,Credit Card
ORD00931,2024-08-01,Customer 208,North,Electronics,Smartphone,4,43656,174624,123948.2,50675.8,Corporate,Cash
ORD00066,2024-08-02,Customer 221,East,Office Supplies,Printer,7,9729,68103,44974.04,23128.96,Small Business,Debit Card
ORD00712,2024-08-02,Customer 134,North,Electronics,Headphones,9,5613,50517,36502.61,14014.39,Corporate,Credit Card
ORD00384,2024-08-03,Customer 203,West,Furniture,Bookshelf,4,11269,45076,30679.22,14396.78,Consumer,UPI
ORD00224,2024-08-05,Customer 114,South,Furniture,Desk,2,22552,45104,34257.79,10846.21,Consumer,Debit Card
ORD00973,2024-08-06,Customer 296,South,Electronics,Laptop,6,75735,454410,300265.87,154144.13,Small Business,Cash
ORD00226,2024-08-07,Customer 192,South,Furniture,Office Chair,5,15600,78000,44978.56,33021.44,Small Business,Credit Card
ORD00268,2024-08-08,Customer 124,South,Electronics,Laptop,5,51382,256910,155482.1,101427.9,Small Business,Debit Card
ORD00802,2024-08-08,Customer 83,South,Electronics,Tablet,9,12654,113886,83664.81,30221.19,Small Business,Debit Card
ORD00714,2024-08-09,Customer 179,West,Electronics,Tablet,5,33045,165225,118231.45,46993.55,Corporate,UPI
ORD00546,2024-08-10,Customer 166,East,Electronics,Headphones,5,4865,24325,18298.63,6026.37,Small Business,Cash
ORD00183,2024-08-10,Customer 188,West,Office Supplies,Pen Set,1,332,332,235.04,96.96,Consumer,UPI
ORD00177,2024-08-11,Customer 115,South,Furniture,Office Chair,1,10233,10233,6894.86,3338.14,Small Business,Cash
ORD00989,2024-08-11,Customer 6,South,Office Supplies,File Folder,9,152,1368,1012.98,355.02,Small Business,Cash
ORD00200,2024-08-12,Customer 289,North,Furniture,Table,2,19331,38662,21964.04,16697.96,Consumer,Debit Card
ORD00549,2024-08-13,Customer 265,South,Office Supplies,Printer,9,15345,138105,85691.36,52413.64,Consumer,Credit Card
ORD00244,2024-08-13,Customer 161,East,Electronics,Smartphone,5,41160,205800,151102.15,54697.85,Consumer,Credit Card
ORD00912,2024-08-13,Customer 51,South,Office Supplies,Pen Set,9,178,1602,1068.65,533.35,Corporate,UPI
ORD00847,2024-08-14,Customer 216,North,Office Supplies,Printer,6,14582,87492,51118.36,36373.64,Small Business,UPI
ORD00552,2024-08-14,Customer 48,South,Office Supplies,File Folder,6,237,1422,910.58,511.42,Small Business,UPI
ORD00150,2024-08-14,Customer 98,East,Furniture,Table,4,14328,57312,41859.72,15452.28,Small Business,Cash
ORD00310,2024-08-15,Customer 184,East,Office Supplies,Printer,9,5204,46836,28899.44,17936.56,Corporate,Debit Card
ORD00553,2024-08-16,Customer 77,North,Electronics,Headphones,9,7367,66303,38555.23,27747.77,Corporate,Debit Card
ORD00074,2024-08-16,Customer 164,East,Furniture,Office Chair,6,16476,98856,78910.93,19945.07,Small Business,Cash
ORD00905,2024-08-16,Customer 97,East,Electronics,Smartphone,7,39251,274757,200439.91,74317.09,Small Business,UPI
ORD00104,2024-08-16,Customer 36,West,Furniture,Bookshelf,3,12434,37302,20686.22,16615.78,Small Business,Debit Card
ORD00396,2024-08-18,Customer 53,East,Furniture,Table,7,14242,99694,55380.69,44313.31,Consumer,Credit Card
ORD00921,2024-08-18,Customer 204,South,Office Supplies,Pen Set,8,343,2744,1657.11,1086.89,Corporate,Debit Card
ORD00710,2024-08-19,Customer 179,West,Electronics,Laptop,9,67551,607959,408270.86,199688.14,Corporate,Cash
ORD00918,2024-08-19,Customer 282,North,Furniture,Table,7,18121,126847,91337.79,35509.21,Small Business,Debit Card
ORD00184,2024-08-20,Customer 224,South,Furniture,Desk,3,21749,65247,36186.44,29060.56,Small Business,Cash
ORD00100,2024-08-20,Customer 109,South,Electronics,Headphones,9,2603,23427,14964.61,8462.39,Small Business,Cash
ORD00976,2024-08-20,Customer 195,East,Office Supplies,Notebook,8,59,472,338.5,133.5,Corporate,Credit Card
ORD00372,2024-08-21,Customer 51,South,Office Supplies,Printer,6,9458,56748,36715.77,20032.23,Corporate,UPI
ORD00895,2024-08-21,Customer 32,North,Furniture,Office Chair,6,14118,84708,53880.81,30827.19,Corporate,UPI
ORD00144,2024-08-22,Customer 4,South,Electronics,Smartphone,9,38752,348768,203973.13,144794.87,Corporate,Credit Card
ORD00598,2024-08-24,Customer 194,East,Office Supplies,File Folder,4,222,888,537.26,350.74,Small Business,Debit Card
ORD00562,2024-08-25,Customer 94,South,Electronics,Laptop,7,78684,550788,408884.2,141903.8,Consumer,UPI
ORD00983,2024-08-27,Customer 141,West,Office Supplies,Notebook,7,134,938,652.25,285.75,Small Business,Credit Card
ORD00006,2024-08-29,Customer 265,South,Electronics,Smartphone,4,23792,95168,75316.72,19851.28,Consumer,Debit Card
ORD00571,2024-08-31,Customer 68,South,Electronics,Smartphone,6,26382,158292,110789.66,47502.34,Corporate,Credit Card
ORD00781,2024-09-02,Customer 189,West,Office Supplies,Notebook,1,203,203,149.06,53.94,Corporate,Cash
ORD00667,2024-09-02,Customer 247,North,Furniture,Office Chair,6,5861,35166,19535.29,15630.71,Consumer,UPI
ORD00432,2024-09-03,Customer 8,North,Office Supplies,Pen Set,5,435,2175,1727.66,447.34,Corporate,Cash
ORD00436,2024-09-03,Customer 155,South,Electronics,Tablet,4,35816,143264,84303.95,58960.05,Small Business,Credit Card
ORD00608,2024-09-04,Customer 25,South,Furniture,Bookshelf,9,6971,62739,36553.33,26185.67,Corporate,Debit Card
ORD00254,2024-09-04,Customer 121,South,Office Supplies,File Folder,3,153,459,254.75,204.25,Consumer,Cash
ORD00479,2024-09-04,Customer 273,East,Office Supplies,Notebook,4,142,568,385.21,182.79,Consumer,Credit Card
ORD00990,2024-09-05,Customer 210,West,Electronics,Tablet,2,38853,77706,54136.76,23569.24,Consumer,Cash
ORD00871,2024-09-05,Customer 91,West,Furniture,Desk,5,17464,87320,59843.95,27476.05,Consumer,Debit Card
ORD00581,2024-09-06,Customer 25,North,Electronics,Laptop,4,88652,354608,238723.84,115884.16,Consumer,Debit Card
ORD00513,2024-09-06,Customer 295,West,Furniture,Table,9,15147,136323,101101.06,35221.94,Corporate,Cash
ORD00357,2024-09-06,Customer 8,North,Office Supplies,File Folder,1,94,94,68.58,25.42,Small Business,Debit Card
ORD00641,2024-09-07,Customer 212,East,Office Supplies,File Folder,3,159,477,263.89,213.11,Consumer,Credit Card
ORD00830,2024-09-08,Customer 265,East,Furniture,Bookshelf,1,8736,8736,5562.56,3173.44,Consumer,UPI
ORD00719,2024-09-09,Customer 95,North,Electronics,Tablet,4,19437,77748,55803.88,21944.12,Small Business,Debit Card
ORD00067,2024-09-09,Customer 230,East,Office Supplies,File Folder,9,123,1107,840.48,266.52,Corporate,Credit Card
ORD00526,2024-09-09,Customer 269,North,Office Supplies,Pen Set,3,450,1350,756.12,593.88,Small Business,Cash
ORD00095,2024-09-09,Customer 180,East,Electronics,Laptop,4,63568,254272,145222.18,109049.82,Small Business,UPI
ORD00794,2024-09-10,Customer 188,North,Office Supplies,Printer,8,18515,148120,86136.05,61983.95,Small Business,Credit Card
ORD00792,2024-09-11,Customer 76,South,Electronics,Tablet,8,39514,316112,181951.47,134160.53,Small Business,Cash
ORD00434,2024-09-11,Customer 171,North,Furniture,Desk,9,15155,136395,106599.31,29795.69,Corporate,Cash
ORD00557,2024-09-11,Customer 190,West,Electronics,Tablet,1,21018,21018,16000.59,5017.41,Consumer,UPI
ORD00865,2024-09-11,Customer 236,South,Office Supplies,Printer,5,8052,40260,29183.81,11076.19,Consumer,Debit Card
ORD00488,2024-09-12,Customer 135,North,Furniture,Desk,9,20516,184644,115450.79,69193.21,Small Business,Debit Card
ORD00079,2024-09-12,Customer 197,East,Electronics,Headphones,3,4324,12972,10184.74,2787.26,Consumer,Debit Card
ORD00793,2024-09-14,Customer 127,North,Office Supplies,File Folder,2,126,252,192.82,59.18,Small Business,Debit Card
ORD00474,2024-09-14,Customer 65,East,Electronics,Laptop,6,86963,521778,319526.98,202251.02,Corporate,Credit Card
ORD00967,2024-09-14,Customer 201,East,Office Supplies,Pen Set,8,320,2560,2010.16,549.84,Corporate,Credit Card
ORD00362,2024-09-14,Customer 81,North,Furniture,Desk,3,13031,39093,31189.01,7903.99,Corporate,Cash
ORD00826,2024-09-14,Customer 63,South,Office Supplies,Printer,4,7376,29504,16331.91,13172.09,Small Business,Credit Card
ORD00250,2024-09-15,Customer 130,East,Electronics,Smartphone,3,55747,167241,105543.03,61697.97,Corporate,Debit Card
ORD00141,2024-09-17,Customer 293,South,Electronics,Tablet,7,23382,163674,100989.46,62684.54,Corporate,Credit Card
ORD00120,2024-09-17,Customer 157,East,Electronics,Headphones,8,7158,57264,42909.28,14354.72,Consumer,Debit Card
ORD00612,2024-09-18,Customer 239,West,Electronics,Tablet,5,20378,101890,70896.4,30993.6,Corporate,Cash
ORD00350,2024-09-18,Customer 214,North,Furniture,Bookshelf,9,13984,125856,77683.32,48172.68,Corporate,Credit Card
ORD00246,2024-09-19,Customer 85,South,Office Supplies,Notebook,9,51,459,283.95,175.05,Small Business,Debit Card
ORD00251,2024-09-20,Customer 150,West,Electronics,Laptop,3,59686,179058,119306.6,59751.4,Corporate,Cash
ORD00137,2024-09-20,Customer 291,West,Furniture,Office Chair,3,12218,36654,26141.14,10512.86,Corporate,Cash
ORD00565,2024-09-21,Customer 288,East,Office Supplies,File Folder,3,124,372,246.36,125.64,Consumer,Credit Card
ORD00360,2024-09-22,Customer 210,East,Electronics,Smartphone,9,49610,446490,311835.4,134654.6,Corporate,Credit Card
ORD00156,2024-09-24,Customer 143,East,Furniture,Desk,8,22896,183168,142109.24,41058.76,Corporate,Credit Card
ORD00009,2024-09-26,Customer 271,West,Electronics,Smartphone,2,52065,104130,80566.09,23563.91,Corporate,UPI
ORD00606,2024-09-26,Customer 225,South,Furniture,Bookshelf,3,11483,34449,20593.03,13855.97,Consumer,UPI
ORD00459,2024-09-26,Customer 162,North,Electronics,Tablet,4,15490,61960,34254.86,27705.14,Small Business,Cash
ORD00309,2024-09-26,Customer 120,South,Furniture,Desk,7,7162,50134,31028.09,19105.91,Corporate,UPI
ORD00338,2024-09-26,Customer 154,South,Office Supplies,Pen Set,4,468,1872,1049.27,822.73,Small Business,Debit Card
ORD00773,2024-09-27,Customer 93,South,Furniture,Office Chair,7,14908,104356,71362.49,32993.51,Consumer,Debit Card
ORD00550,2024-09-27,Customer 167,North,Electronics,Smartphone,3,23080,69240,53006.73,16233.27,Consumer,Cash
ORD00333,2024-09-28,Customer 66,East,Furniture,Office Chair,3,17576,52728,30664.82,22063.18,Small Business,UPI
ORD00561,2024-09-28,Customer 2,South,Furniture,Office Chair,1,13347,13347,9878.7,3468.3,Corporate,UPI
ORD00195,2024-09-29,Customer 236,West,Electronics,Headphones,9,7877,70893,41070.23,29822.77,Consumer,Debit Card
ORD00062,2024-09-29,Customer 62,West,Electronics,Laptop,7,55644,389508,286279.5,103228.5,Consumer,Debit Card
ORD00411,2024-09-30,Customer 3,West,Electronics,Smartphone,9,33135,298215,233413.42,64801.58,Corporate,Cash
ORD00955,2024-09-30,Customer 44,West,Furniture,Table,6,13949,83694,48987.01,34706.99,Consumer,UPI
ORD00530,2024-10-02,Customer 48,East,Electronics,Tablet,2,12572,25144,16275.9,8868.1,Small Business,Cash
ORD00364,2024-10-03,Customer 107,South,Office Supplies,Notebook,7,201,1407,1003.29,403.71,Small Business,Credit Card
ORD00375,2024-10-04,Customer 68,North,Electronics,Headphones,1,3156,3156,2501.72,654.28,Consumer,Credit Card
ORD00290,2024-10-04,Customer 171,North,Electronics,Tablet,7,32567,227969,144896.16,83072.84,Consumer,Credit Card
ORD00745,2024-10-05,Customer 23,South,Electronics,Tablet,2,29285,58570,38268.42,20301.58,Consumer,UPI
ORD00332,2024-10-05,Customer 176,West,Electronics,Tablet,2,17433,34866,24526.29,10339.71,Corporate,Credit Card
ORD00634,2024-10-06,Customer 110,South,Office Supplies,File Folder,5,205,1025,606.26,418.74,Consumer,Debit Card
ORD00039,2024-10-06,Customer 181,East,Electronics,Laptop,5,82635,413175,228842.82,184332.18,Small Business,Cash
ORD00803,2024-10-07,Customer 215,West,Office Supplies,File Folder,6,53,318,247.92,70.08,Corporate,Cash
ORD00578,2024-10-08,Customer 175,South,Electronics,Laptop,3,62392,187176,133995.72,53180.28,Small Business,UPI
ORD00121,2024-10-09,Customer 69,West,Office Supplies,Pen Set,3,342,1026,709.35,316.65,Small Business,Debit Card
ORD00613,2024-10-09,Customer 79,East,Office Supplies,File Folder,4,179,716,404.88,311.12,Small Business,UPI
ORD00954,2024-10-09,Customer 229,West,Electronics,Laptop,6,64706,388236,222247.85,165988.15,Corporate,Debit Card
ORD00188,2024-10-11,Customer 4,North,Electronics,Tablet,7,23801,166607,98253.91,68353.09,Small Business,Credit Card
ORD00052,2024-10-11,Customer 220,North,Electronics,Tablet,3,25284,75852,43997.28,31854.72,Small Business,Credit Card
ORD00899,2024-10-12,Customer 71,East,Office Supplies,Printer,8,24838,198704,127230.97,71473.03,Corporate,Debit Card
ORD00699,2024-10-13,Customer 10,South,Furniture,Desk,9,13191,118719,70558.46,48160.54,Consumer,Cash
ORD00261,2024-10-15,Customer 164,East,Office Supplies,Printer,9,13984,125856,84303.21,41552.79,Corporate,Credit Card
ORD00178,2024-10-15,Customer 262,West,Furniture,Table,2,11183,22366,15464.59,6901.41,Small Business,Cash
ORD00395,2024-10-16,Customer 295,East,Electronics,Smartphone,2,25350,50700,30560.85,20139.15,Small Business,Debit Card
ORD00661,2024-10-18,Customer 244,East,Electronics,Smartphone,9,45908,413172,286842.76,126329.24,Small Business,UPI
ORD00166,2024-10-19,Customer 153,West,Furniture,Table,2,11467,22934,16716.32,6217.68,Consumer,Credit Card
ORD00114,2024-10-21,Customer 104,South,Office Supplies,Notebook,9,195,1755,1323.53,431.47,Small Business,Credit Card
ORD00818,2024-10-22,Customer 166,East,Office Supplies,Printer,9,7526,67734,44271.08,23462.92,Small Business,UPI
ORD00544,2024-10-22,Customer 236,West,Electronics,Tablet,5,38616,193080,152907.85,40172.15,Small Business,Cash
ORD00536,2024-10-22,Customer 118,West,Electronics,Laptop,7,57226,400582,290385.85,110196.15,Corporate,Debit Card
ORD00717,2024-10-24,Customer 178,East,Furniture,Desk,7,10158,71106,42099.7,29006.3,Consumer,Credit Card
ORD00734,2024-10-24,Customer 184,East,Furniture,Office Chair,9,10882,97938,61844.94,36093.06,Corporate,Cash
ORD00481,2024-10-25,Customer 290,West,Electronics,Headphones,1,7136,7136,3953.01,3182.99,Small Business,Credit Card
ORD00622,2024-10-26,Customer 290,North,Office Supplies,Pen Set,5,377,1885,1353.09,531.91,Corporate,Credit Card
ORD00856,2024-10-27,Customer 148,West,Office Supplies,Notebook,5,168,840,553.49,286.51,Consumer,UPI
ORD00215,2024-10-27,Customer 287,East,Electronics,Laptop,8,70939,567512,330699.69,236812.31,Corporate,UPI
ORD00625,2024-10-28,Customer 245,East,Furniture,Table,1,10983,10983,8376.12,2606.88,Small Business,Cash
ORD00335,2024-10-28,Customer 142,West,Furniture,Desk,5,13370,66850,49521.73,17328.27,Consumer,UPI
ORD00168,2024-10-28,Customer 11,South,Furniture,Office Chair,6,5806,34836,26816.04,8019.96,Consumer,Debit Card
ORD00762,2024-10-28,Customer 189,South,Electronics,Headphones,4,4701,18804,13271.91,5532.09,Corporate,Credit Card
ORD00547,2024-10-28,Customer 96,South,Furniture,Bookshelf,6,11542,69252,50323.27,18928.73,Consumer,Cash
ORD00999,2024-10-29,Customer 262,West,Electronics,Smartphone,5,21642,108210,70493.73,37716.27,Corporate,Cash
ORD00086,2024-10-29,Customer 207,North,Furniture,Office Chair,9,11544,103896,60623.71,43272.29,Consumer,Debit Card
ORD00031,2024-10-30,Customer 254,West,Office Supplies,Notebook,4,109,436,268.23,167.77,Consumer,Credit Card
ORD00659,2024-11-01,Customer 230,East,Office Supplies,Notebook,9,184,1656,1128.26,527.74,Consumer,Credit Card
ORD00085,2024-11-01,Customer 268,North,Furniture,Bookshelf,2,14357,28714,21760.7,6953.3,Corporate,Cash
ORD00780,2024-11-01,Customer 167,West,Office Supplies,File Folder,6,135,810,558.53,251.47,Small Business,UPI
ORD00626,2024-11-01,Customer 95,North,Electronics,Laptop,7,76627,536389,375900.36,160488.64,Consumer,UPI
ORD00087,2024-11-01,Customer 98,South,Electronics,Smartphone,3,30781,92343,65038.65,27304.35,Corporate,UPI
ORD00419,2024-11-02,Customer 160,East,Office Supplies,File Folder,5,184,920,708.23,211.77,Consumer,UPI
ORD00788,2024-11-04,Customer 177,East,Furniture,Table,8,17156,137248,105845.93,31402.07,Corporate,Debit Card
ORD00600,2024-11-08,Customer 286,South,Office Supplies,File Folder,3,152,456,323.24,132.76,Corporate,Debit Card
ORD00900,2024-11-08,Customer 126,West,Furniture,Bookshelf,3,8492,25476,14230.91,11245.09,Consumer,Debit Card
ORD00204,2024-11-09,Customer 22,South,Furniture,Bookshelf,4,4207,16828,11559.12,5268.88,Small Business,UPI
ORD00560,2024-11-10,Customer 111,East,Electronics,Smartphone,7,26949,188643,132518.95,56124.05,Consumer,UPI
ORD00925,2024-11-12,Customer 38,West,Electronics,Headphones,5,3908,19540,14233.46,5306.54,Corporate,Credit Card
ORD00755,2024-11-13,Customer 137,West,Furniture,Office Chair,9,8201,73809,47925.5,25883.5,Consumer,Credit Card
ORD00483,2024-11-14,Customer 77,West,Electronics,Smartphone,6,19370,116220,78259.67,37960.33,Corporate,UPI
ORD00300,2024-11-14,Customer 211,South,Electronics,Smartphone,3,43731,131193,82720.73,48472.27,Consumer,Cash
ORD00341,2024-11-15,Customer 161,West,Electronics,Headphones,8,3512,28096,17151.86,10944.14,Consumer,Debit Card
ORD00740,2024-11-16,Customer 179,North,Electronics,Headphones,5,4548,22740,13181.59,9558.41,Small Business,Credit Card
ORD00825,2024-11-17,Customer 275,East,Electronics,Laptop,7,85016,595112,328231.62,266880.38,Small Business,Debit Card
ORD00510,2024-11-18,Customer 3,South,Furniture,Desk,4,19508,78032,53823.73,24208.27,Corporate,Cash
ORD00926,2024-11-18,Customer 225,North,Electronics,Smartphone,9,24241,218169,146461.79,71707.21,Small Business,Credit Card
ORD00971,2024-11-18,Customer 252,South,Furniture,Office Chair,6,16859,101154,73294.62,27859.38,Small Business,Debit Card
ORD00235,2024-11-19,Customer 277,North,Furniture,Office Chair,9,13906,125154,80726.66,44427.34,Corporate,UPI
ORD00815,2024-11-20,Customer 55,South,Furniture,Office Chair,4,12674,50696,39795.4,10900.6,Corporate,Credit Card
ORD00055,2024-11-20,Customer 4,West,Office Supplies,Printer,3,7489,22467,15171.07,7295.93,Small Business,Debit Card
ORD00503,2024-11-20,Customer 282,North,Furniture,Bookshelf,8,10160,81280,48895.04,32384.96,Small Business,UPI
ORD00742,2024-11-22,Customer 108,East,Office Supplies,Notebook,7,184,1288,772.55,515.45,Corporate,Debit Card
ORD00958,2024-11-23,Customer 103,East,Furniture,Office Chair,1,10424,10424,6431.46,3992.54,Small Business,Debit Card
ORD00903,2024-11-24,Customer 115,West,Electronics,Smartphone,8,24825,198600,117298.67,81301.33,Consumer,UPI
ORD00282,2024-11-24,Customer 49,West,Office Supplies,File Folder,1,185,185,137.33,47.67,Corporate,Cash
ORD00019,2024-11-26,Customer 128,South,Furniture,Office Chair,6,8627,51762,33858.95,17903.05,Small Business,Cash
ORD00877,2024-11-26,Customer 216,South,Electronics,Headphones,9,7638,68742,51366.21,17375.79,Consumer,Debit Card
ORD00611,2024-11-26,Customer 272,North,Electronics,Smartphone,9,40553,364977,205356.36,159620.64,Small Business,Debit Card
ORD00993,2024-11-26,Customer 104,North,Electronics,Tablet,7,37892,265244,181638.68,83605.32,Small Business,UPI
ORD00524,2024-11-26,Customer 182,North,Furniture,Table,6,11033,66198,50391.1,15806.9,Corporate,Cash
ORD00359,2024-11-27,Customer 243,East,Electronics,Tablet,8,25395,203160,157465.32,45694.68,Consumer,UPI
ORD00208,2024-11-27,Customer 213,East,Electronics,Tablet,6,34462,206772,124248.17,82523.83,Corporate,Credit Card
ORD00927,2024-11-27,Customer 94,North,Electronics,Tablet,9,33304,299736,236966.64,62769.36,Corporate,Debit Card
ORD00356,2024-11-27,Customer 72,West,Office Supplies,Pen Set,1,267,267,175.01,91.99,Consumer,Credit Card
ORD00981,2024-11-28,Customer 292,North,Furniture,Bookshelf,8,12648,101184,67241.95,33942.05,Consumer,Debit Card
ORD00342,2024-11-29,Customer 222,North,Office Supplies,Pen Set,5,326,1630,988.74,641.26,Small Business,Cash
ORD00609,2024-11-29,Customer 116,West,Office Supplies,Notebook,7,176,1232,682.71,549.29,Corporate,Debit Card
ORD00764,2024-11-29,Customer 299,South,Furniture,Desk,4,20647,82588,59085.6,23502.4,Corporate,Debit Card
ORD00886,2024-12-01,Customer 188,East,Furniture,Bookshelf,6,12793,76758,50959.0,25799.0,Small Business,Credit Card
ORD00964,2024-12-01,Customer 27,West,Office Supplies,Notebook,3,88,264,156.68,107.32,Corporate,UPI
ORD00506,2024-12-01,Customer 118,North,Furniture,Table,1,12260,12260,9260.56,2999.44,Small Business,Debit Card
ORD00559,2024-12-02,Customer 273,West,Electronics,Smartphone,1,56235,56235,36222.8,20012.2,Corporate,Cash
ORD00943,2024-12-03,Customer 37,South,Office Supplies,Pen Set,9,286,2574,2009.83,564.17,Consumer,Cash
ORD00029,2024-12-03,Customer 129,East,Office Supplies,Notebook,1,217,217,140.33,76.67,Consumer,Credit Card
ORD00482,2024-12-03,Customer 94,West,Electronics,Smartphone,3,32568,97704,70172.76,27531.24,Small Business,Debit Card
ORD00197,2024-12-03,Customer 95,South,Furniture,Table,5,13465,67325,48481.69,18843.31,Small Business,Credit Card
ORD00758,2024-12-03,Customer 47,East,Office Supplies,Notebook,1,206,206,130.75,75.25,Consumer,Credit Card
ORD00034,2024-12-03,Customer 194,South,Office Supplies,Notebook,3,202,606,334.07,271.93,Small Business,Cash
ORD00069,2024-12-07,Customer 145,East,Electronics,Tablet,8,25807,206456,158100.83,48355.17,Small Business,Credit Card
ORD00754,2024-12-09,Customer 120,North,Office Supplies,Pen Set,5,265,1325,795.71,529.29,Consumer,Cash
ORD00698,2024-12-10,Customer 45,South,Electronics,Smartphone,8,16462,131696,85099.74,46596.26,Consumer,Debit Card
ORD00225,2024-12-10,Customer 289,North,Furniture,Table,8,17144,137152,76475.51,60676.49,Small Business,UPI
ORD00723,2024-12-12,Customer 209,North,Furniture,Bookshelf,9,8645,77805,44020.71,33784.29,Corporate,Credit Card
ORD00691,2024-12-12,Customer 134,East,Electronics,Tablet,7,13073,91511,51322.01,40188.99,Consumer,Credit Card
ORD00512,2024-12-13,Customer 159,West,Office Supplies,Pen Set,2,161,322,244.91,77.09,Corporate,Credit Card
ORD00722,2024-12-14,Customer 98,South,Electronics,Laptop,1,86942,86942,55581.85,31360.15,Corporate,UPI
ORD00112,2024-12-14,Customer 267,North,Electronics,Laptop,8,86159,689272,478091.66,211180.34,Consumer,Debit Card
ORD00047,2024-12-15,Customer 47,East,Office Supplies,File Folder,5,152,760,434.22,325.78,Small Business,Cash
ORD00858,2024-12-16,Customer 147,North,Electronics,Smartphone,5,47991,239955,174588.35,65366.65,Consumer,Debit Card
ORD00238,2024-12-16,Customer 108,South,Electronics,Headphones,9,5445,49005,29172.06,19832.94,Small Business,Credit Card
ORD00721,2024-12-17,Customer 189,West,Electronics,Tablet,9,20033,180297,134118.67,46178.33,Corporate,Cash
ORD00784,2024-12-17,Customer 298,East,Electronics,Laptop,2,74503,149006,109897.63,39108.37,Corporate,Debit Card
ORD00363,2024-12-22,Customer 213,South,Electronics,Tablet,1,27670,27670,19211.28,8458.72,Consumer,UPI
ORD00855,2024-12-23,Customer 163,South,Office Supplies,Printer,2,11368,22736,13091.48,9644.52,Corporate,Debit Card
ORD00630,2024-12-26,Customer 42,East,Office Supplies,Notebook,8,274,2192,1548.28,643.72,Consumer,Debit Card
ORD00486,2024-12-28,Customer 123,West,Office Supplies,Pen Set,5,357,1785,1263.0,522.0,Corporate,Debit Card
ORD00960,2024-12-29,Customer 112,North,Furniture,Office Chair,2,9581,19162,15262.22,3899.78,Small Business,Debit Card
ORD00669,2024-12-29,Customer 95,South,Electronics,Smartphone,6,53308,319848,248325.1,71522.9,Small Business,Cash
ORD00582,2024-12-29,Customer 91,South,Furniture,Office Chair,6,7672,46032,25838.33,20193.67,Consumer,Cash
ORD00229,2024-12-30,Customer 129,West,Electronics,Smartphone,2,46116,92232,69123.59,23108.41,Corporate,Debit Card
ORD00800,2024-12-30,Customer 58,South,Electronics,Smartphone,2,33252,66504,43980.33,22523.67,Small Business,Debit Card
ORD00795,2024-12-31,Customer 178,East,Furniture,Office Chair,4,7892,31568,19505.48,12062.52,Corporate,Cash
ORD00708,2025-01-01,Customer 144,West,Furniture,Office Chair,3,15042,45126,24896.18,20229.82,Consumer,Cash
ORD00682,2025-01-01,Customer 66,South,Furniture,Office Chair,9,17435,156915,93326.44,63588.56,Small Business,Credit Card
ORD00961,2025-01-01,Customer 250,West,Office Supplies,File Folder,5,116,580,391.67,188.33,Small Business,Cash
ORD00809,2025-01-01,Customer 168,West,Furniture,Table,7,7429,52003,29100.89,22902.11,Small Business,UPI
ORD00853,2025-01-03,Customer 72,North,Electronics,Smartphone,6,33259,199554,115440.29,84113.71,Consumer,Cash
ORD00374,2025-01-03,Customer 285,North,Furniture,Desk,4,7785,31140,23562.92,7577.08,Small Business,UPI
ORD00101,2025-01-03,Customer 236,East,Furniture,Desk,2,19910,39820,29321.85,10498.15,Corporate,Credit Card
ORD00518,2025-01-05,Customer 279,South,Office Supplies,File Folder,1,51,51,29.75,21.25,Corporate,Cash
ORD00149,2025-01-05,Customer 282,North,Electronics,Smartphone,6,34250,205500,117666.06,87833.94,Consumer,UPI
ORD00133,2025-01-05,Customer 175,South,Furniture,Table,3,7065,21195,13215.32,7979.68,Corporate,Debit Card
ORD00126,2025-01-05,Customer 149,East,Office Supplies,Notebook,1,112,112,70.32,41.68,Consumer,Credit Card
ORD00211,2025-01-05,Customer 186,South,Electronics,Headphones,6,5390,32340,20025.15,12314.85,Consumer,Cash
ORD00884,2025-01-06,Customer 181,West,Electronics,Tablet,6,32183,193098,137265.11,55832.89,Consumer,Debit Card
ORD00496,2025-01-06,Customer 112,East,Furniture,Office Chair,7,7700,53900,39373.0,14527.0,Consumer,Credit Card
ORD00002,2025-01-07,Customer 100,West,Electronics,Tablet,7,16426,114982,76441.44,38540.56,Small Business,Debit Card
ORD00080,2025-01-08,Customer 65,South,Office Supplies,Printer,8,10124,80992,45079.48,35912.52,Small Business,Credit Card
ORD00974,2025-01-08,Customer 221,North,Electronics,Laptop,1,86526,86526,58055.7,28470.3,Consumer,Cash
ORD00091,2025-01-08,Customer 8,West,Office Supplies,Notebook,7,232,1624,1130.62,493.38,Consumer,UPI
ORD00463,2025-01-09,Customer 114,West,Office Supplies,Notebook,5,121,605,370.63,234.37,Small Business,UPI
ORD00970,2025-01-10,Customer 87,East,Furniture,Table,9,19633,176697,117159.61,59537.39,Corporate,UPI
ORD00371,2025-01-10,Customer 67,East,Electronics,Headphones,1,2900,2900,2299.72,600.28,Consumer,Cash
ORD00020,2025-01-11,Customer 283,South,Office Supplies,Notebook,7,239,1673,966.18,706.82,Consumer,Cash
ORD00113,2025-01-13,Customer 78,South,Office Supplies,File Folder,3,214,642,483.84,158.16,Corporate,Cash
ORD00376,2025-01-13,Customer 42,South,Electronics,Laptop,2,58556,117112,86718.56,30393.44,Consumer,UPI
ORD00351,2025-01-14,Customer 93,North,Office Supplies,File Folder,6,76,456,266.76,189.24,Consumer,UPI
ORD00541,2025-01-14,Customer 231,North,Furniture,Table,5,8805,44025,25621.86,18403.14,Small Business,Cash
ORD00209,2025-01-16,Customer 20,West,Furniture,Table,4,17803,71212,52258.04,18953.96,Corporate,Credit Card
ORD00190,2025-01-16,Customer 236,West,Electronics,Headphones,6,4530,27180,16805.8,10374.2,Consumer,Credit Card
ORD00558,2025-01-17,Customer 13,North,Office Supplies,Notebook,5,299,1495,1017.33,477.67,Small Business,Debit Card
ORD00896,2025-01-20,Customer 62,East,Electronics,Smartphone,3,35953,107859,69523.64,38335.36,Corporate,Cash
ORD00003,2025-01-20,Customer 192,West,Furniture,Office Chair,2,15583,31166,23627.28,7538.72,Consumer,Credit Card
ORD00196,2025-01-20,Customer 72,East,Office Supplies,Notebook,6,295,1770,1117.72,652.28,Consumer,Credit Card
ORD00633,2025-01-20,Customer 159,North,Electronics,Tablet,4,23671,94684,63736.51,30947.49,Corporate,Debit Card
ORD00042,2025-01-20,Customer 273,West,Furniture,Bookshelf,2,11806,23612,16046.3,7565.7,Consumer,Credit Card
ORD00324,2025-01-21,Customer 259,East,Office Supplies,File Folder,4,247,988,739.34,248.66,Corporate,UPI
ORD00191,2025-01-21,Customer 257,South,Furniture,Office Chair,4,6682,26728,16532.71,10195.29,Corporate,UPI
ORD00889,2025-01-23,Customer 106,West,Electronics,Headphones,7,1269,8883,5857.82,3025.18,Corporate,UPI
ORD00891,2025-01-24,Customer 120,South,Office Supplies,Notebook,2,255,510,325.06,184.94,Consumer,UPI
ORD00264,2025-01-24,Customer 160,North,Electronics,Headphones,2,4036,8072,4652.83,3419.17,Small Business,Debit Card
ORD00919,2025-01-27,Customer 294,East,Office Supplies,Notebook,1,230,230,162.3,67.7,Consumer,Credit Card
ORD00423,2025-01-28,Customer 267,North,Electronics,Laptop,7,61704,431928,304769.87,127158.13,Consumer,Cash
ORD00175,2025-01-29,Customer 226,West,Office Supplies,File Folder,9,89,801,627.1,173.9,Small Business,Debit Card
ORD00852,2025-01-29,Customer 91,South,Office Supplies,Notebook,7,88,616,481.67,134.33,Corporate,Debit Card
ORD00355,2025-01-31,Customer 192,East,Office Supplies,Pen Set,7,282,1974,1517.13,456.87,Corporate,UPI
ORD00738,2025-02-01,Customer 207,South,Electronics,Smartphone,7,56081,392567,245164.59,147402.41,Corporate,UPI
ORD00414,2025-02-01,Customer 138,East,Furniture,Office Chair,5,8173,40865,25922.16,14942.84,Consumer,UPI
ORD00035,2025-02-01,Customer 277,West,Office Supplies,Notebook,4,210,840,465.8,374.2,Small Business,UPI
ORD00340,2025-02-01,Customer 120,South,Office Supplies,Notebook,7,170,1190,738.25,451.75,Consumer,Credit Card
ORD00953,2025-02-02,Customer 135,South,Electronics,Tablet,4,15083,60332,36164.36,24167.64,Corporate,Cash
ORD00937,2025-02-03,Customer 218,North,Office Supplies,Printer,8,10972,87776,50608.7,37167.3,Consumer,Debit Card
ORD00515,2025-02-03,Customer 215,East,Office Supplies,File Folder,6,206,1236,728.83,507.17,Small Business,Credit Card
ORD00604,2025-02-04,Customer 96,West,Furniture,Table,3,8177,24531,13531.17,10999.83,Small Business,Cash
ORD00303,2025-02-04,Customer 198,West,Office Supplies,Pen Set,9,217,1953,1387.88,565.12,Small Business,UPI
ORD00028,2025-02-06,Customer 147,West,Office Supplies,File Folder,6,142,852,651.43,200.57,Small Business,Cash
ORD00945,2025-02-06,Customer 15,East,Office Supplies,Pen Set,1,199,199,145.64,53.36,Small Business,Credit Card
ORD00437,2025-02-07,Customer 117,South,Office Supplies,Notebook,7,290,2030,1438.99,591.01,Small Business,UPI
ORD00125,2025-02-08,Customer 110,West,Office Supplies,Pen Set,7,356,2492,1441.15,1050.85,Corporate,UPI
ORD00297,2025-02-08,Customer 202,South,Furniture,Desk,3,8828,26484,18956.2,7527.8,Corporate,Cash
ORD00014,2025-02-10,Customer 62,West,Furniture,Bookshelf,9,7104,63936,36180.72,27755.28,Consumer,UPI
ORD00798,2025-02-12,Customer 300,West,Electronics,Headphones,8,7479,59832,45002.2,14829.8,Corporate,Credit Card
ORD00791,2025-02-13,Customer 182,North,Furniture,Table,2,9152,18304,12571.76,5732.24,Small Business,Credit Card
ORD00021,2025-02-14,Customer 137,South,Office Supplies,Notebook,3,152,456,269.57,186.43,Consumer,Credit Card
ORD00861,2025-02-15,Customer 103,North,Office Supplies,Pen Set,1,198,198,135.59,62.41,Consumer,UPI
ORD00835,2025-02-15,Customer 204,South,Electronics,Headphones,7,4539,31773,20040.74,11732.26,Small Business,Debit Card
ORD00949,2025-02-15,Customer 75,East,Office Supplies,Pen Set,3,280,840,614.21,225.79,Consumer,Credit Card
ORD00500,2025-02-15,Customer 152,West,Furniture,Desk,3,21453,64359,38930.02,25428.98,Small Business,Credit Card
ORD00495,2025-02-17,Customer 214,North,Furniture,Office Chair,7,15704,109928,69935.68,39992.32,Consumer,UPI
ORD00656,2025-02-17,Customer 93,North,Office Supplies,File Folder,1,244,244,161.76,82.24,Small Business,Debit Card
ORD00163,2025-02-19,Customer 96,East,Office Supplies,Pen Set,7,368,2576,1757.44,818.56,Small Business,UPI
ORD00567,2025-02-19,Customer 221,North,Office Supplies,Printer,3,20198,60594,45033.03,15560.97,Consumer,Cash
ORD00498,2025-02-19,Customer 122,South,Furniture,Desk,1,15912,15912,10399.29,5512.71,Small Business,Cash
ORD00851,2025-02-19,Customer 20,North,Furniture,Bookshelf,2,5093,10186,6065.16,4120.84,Corporate,Debit Card
ORD00057,2025-02-20,Customer 168,South,Office Supplies,Pen Set,5,367,1835,1186.37,648.63,Small Business,Cash
ORD00564,2025-02-20,Customer 137,South,Office Supplies,Printer,5,19806,99030,69972.68,29057.32,Small Business,Credit Card
ORD00995,2025-02-21,Customer 113,West,Office Supplies,Notebook,3,300,900,504.24,395.76,Corporate,Credit Card
ORD00128,2025-02-21,Customer 17,West,Furniture,Desk,2,15070,30140,19191.29,10948.71,Small Business,UPI
ORD00951,2025-02-22,Customer 101,North,Office Supplies,File Folder,8,58,464,278.95,185.05,Corporate,Debit Card
ORD00478,2025-02-22,Customer 244,East,Office Supplies,Printer,2,23202,46404,30552.19,15851.81,Consumer,UPI
ORD00687,2025-02-22,Customer 173,South,Furniture,Bookshelf,6,10671,64026,45343.25,18682.75,Small Business,UPI
ORD00033,2025-02-23,Customer 104,West,Electronics,Laptop,8,79299,634392,362260.03,272131.97,Corporate,UPI
ORD00774,2025-02-25,Customer 106,West,Furniture,Office Chair,8,6172,49376,37482.94,11893.06,Consumer,UPI
ORD00908,2025-02-25,Customer 134,South,Furniture,Bookshelf,1,7737,7737,5109.33,2627.67,Corporate,Debit Card
ORD00455,2025-02-26,Customer 198,North,Furniture,Table,2,9199,18398,10947.71,7450.29,Small Business,UPI
ORD00938,2025-02-27,Customer 12,East,Electronics,Laptop,7,74290,520030,356754.7,163275.3,Consumer,Credit Card
ORD00737,2025-02-28,Customer 42,South,Office Supplies,Pen Set,4,225,900,605.92,294.08,Consumer,UPI
ORD00339,2025-03-01,Customer 275,North,Office Supplies,Notebook,3,159,477,370.96,106.04,Consumer,UPI
ORD00731,2025-03-01,Customer 79,South,Electronics,Laptop,5,74746,373730,268673.26,105056.74,Small Business,Debit Card
ORD00181,2025-03-01,Customer 160,East,Office Supplies,Printer,9,21370,192330,148049.45,44280.55,Consumer,Debit Card
ORD00234,2025-03-02,Customer 21,East,Furniture,Bookshelf,6,14737,88422,64448.38,23973.62,Small Business,UPI
ORD00462,2025-03-03,Customer 151,South,Office Supplies,Printer,9,8731,78579,56520.94,22058.06,Corporate,UPI
ORD00805,2025-03-04,Customer 207,West,Office Supplies,Notebook,4,142,568,398.77,169.23,Corporate,Cash
ORD00535,2025-03-05,Customer 142,South,Office Supplies,File Folder,6,224,1344,891.38,452.62,Corporate,Cash
ORD00913,2025-03-07,Customer 192,North,Furniture,Desk,3,17871,53613,40949.14,12663.86,Small Business,UPI
ORD00446,2025-03-08,Customer 181,West,Furniture,Table,4,17098,68392,46432.34,21959.66,Small Business,Credit Card
ORD00890,2025-03-08,Customer 100,South,Electronics,Laptop,5,63100,315500,192402.33,123097.67,Consumer,Debit Card
ORD00787,2025-03-10,Customer 246,South,Electronics,Smartphone,1,38777,38777,27305.92,11471.08,Corporate,Debit Card
ORD00295,2025-03-12,Customer 20,East,Furniture,Desk,1,24421,24421,18007.71,6413.29,Small Business,UPI
ORD00537,2025-03-13,Customer 26,East,Electronics,Tablet,8,36665,293320,190796.39,102523.61,Small Business,Debit Card
ORD00992,2025-03-13,Customer 46,South,Furniture,Office Chair,7,8385,58695,34133.16,24561.84,Small Business,Cash
ORD00412,2025-03-13,Customer 65,West,Office Supplies,File Folder,5,77,385,280.4,104.6,Consumer,Cash
ORD00744,2025-03-13,Customer 239,North,Furniture,Desk,6,18112,108672,77307.48,31364.52,Corporate,Debit Card
ORD00649,2025-03-14,Customer 267,South,Furniture,Bookshelf,3,8875,26625,17799.91,8825.09,Corporate,UPI
ORD00729,2025-03-14,Customer 228,West,Office Supplies,Pen Set,1,383,383,233.1,149.9,Corporate,Debit Card
ORD00401,2025-03-16,Customer 241,South,Office Supplies,Pen Set,9,303,2727,1774.22,952.78,Consumer,Debit Card
ORD00942,2025-03-17,Customer 24,North,Office Supplies,Printer,1,21269,21269,14319.51,6949.49,Small Business,Debit Card
ORD00136,2025-03-18,Customer 255,North,Furniture,Table,1,17600,17600,10656.68,6943.32,Corporate,Credit Card
ORD00102,2025-03-18,Customer 229,North,Furniture,Office Chair,6,7739,46434,33036.83,13397.17,Consumer,Credit Card
ORD00988,2025-03-19,Customer 79,North,Office Supplies,Notebook,4,139,556,334.75,221.25,Small Business,Debit Card
ORD00816,2025-03-19,Customer 128,East,Furniture,Bookshelf,5,10537,52685,32332.11,20352.89,Consumer,Cash
ORD00968,2025-03-19,Customer 111,South,Electronics,Laptop,2,66619,133238,95022.95,38215.05,Small Business,Cash
ORD00063,2025-03-20,Customer 233,East,Office Supplies,Pen Set,3,276,828,466.47,361.53,Consumer,UPI
ORD00070,2025-03-20,Customer 182,East,Electronics,Headphones,4,4141,16564,12042.78,4521.22,Small Business,Debit Card
ORD00909,2025-03-21,Customer 186,South,Office Supplies,Printer,8,6946,55568,40554.92,15013.08,Corporate,Debit Card
ORD00084,2025-03-21,Customer 288,South,Office Supplies,Notebook,1,100,100,61.87,38.13,Small Business,Cash
ORD00252,2025-03-21,Customer 158,North,Furniture,Office Chair,9,17598,158382,108326.47,50055.53,Small Business,Cash
ORD00819,2025-03-21,Customer 221,East,Electronics,Headphones,2,6965,13930,9784.1,4145.9,Consumer,Cash
ORD00320,2025-03-22,Customer 66,North,Office Supplies,Notebook,8,107,856,631.46,224.54,Corporate,UPI
ORD00753,2025-03-22,Customer 203,South,Office Supplies,Notebook,7,237,1659,922.96,736.04,Consumer,Credit Card
ORD00650,2025-03-23,Customer 230,North,Office Supplies,Pen Set,6,197,1182,797.3,384.7,Corporate,Cash
ORD00330,2025-03-25,Customer 213,West,Furniture,Desk,3,23299,69897,55709.05,14187.95,Corporate,Debit Card
ORD00407,2025-03-27,Customer 281,South,Furniture,Office Chair,1,8607,8607,6371.41,2235.59,Consumer,Credit Card
ORD00672,2025-03-28,Customer 215,North,Electronics,Laptop,9,87292,785628,593072.45,192555.55,Corporate,Credit Card
ORD00176,2025-03-29,Customer 37,West,Furniture,Table,5,10295,51475,34692.55,16782.45,Consumer,Cash
ORD00361,2025-03-29,Customer 155,North,Office Supplies,Notebook,7,77,539,319.61,219.39,Corporate,Credit Card
ORD00409,2025-03-30,Customer 13,South,Electronics,Smartphone,3,20355,61065,33629.74,27435.26,Consumer,Credit Card
ORD00786,2025-03-30,Customer 232,North,Furniture,Table,7,17764,124348,90745.3,33602.7,Consumer,Debit Card
ORD00245,2025-03-30,Customer 160,East,Furniture,Desk,5,23014,115070,69912.11,45157.89,Corporate,Credit Card
ORD00603,2025-04-01,Customer 229,South,Furniture,Desk,2,24831,49662,34111.23,15550.77,Corporate,Cash
ORD00083,2025-04-02,Customer 83,North,Furniture,Bookshelf,5,7636,38180,30016.79,8163.21,Consumer,Debit Card
ORD00111,2025-04-03,Customer 137,South,Office Supplies,File Folder,2,127,254,198.94,55.06,Small Business,UPI
ORD00966,2025-04-03,Customer 258,West,Furniture,Desk,3,12988,38964,30925.34,8038.66,Corporate,Debit Card
ORD00410,2025-04-03,Customer 100,North,Electronics,Headphones,2,5744,11488,8206.32,3281.68,Small Business,Credit Card
ORD00255,2025-04-04,Customer 38,West,Furniture,Desk,6,11895,71370,41532.23,29837.77,Corporate,Credit Card
ORD00617,2025-04-05,Customer 106,North,Electronics,Tablet,4,27790,111160,75865.05,35294.95,Consumer,UPI
ORD00637,2025-04-06,Customer 231,East,Furniture,Bookshelf,5,14900,74500,52777.88,21722.12,Corporate,Debit Card
ORD00266,2025-04-07,Customer 83,North,Office Supplies,Pen Set,2,352,704,496.23,207.77,Small Business,Credit Card
ORD00289,2025-04-07,Customer 283,South,Office Supplies,File Folder,2,51,102,59.46,42.54,Small Business,UPI
ORD00597,2025-04-07,Customer 239,South,Electronics,Headphones,6,7969,47814,32726.09,15087.91,Small Business,Cash
ORD00838,2025-04-07,Customer 108,South,Office Supplies,File Folder,7,195,1365,1016.71,348.29,Consumer,Cash
ORD00540,2025-04-09,Customer 239,East,Electronics,Tablet,3,30643,91929,55530.33,36398.67,Small Business,Credit Card
ORD00690,2025-04-10,Customer 88,East,Furniture,Office Chair,9,10014,90126,56666.96,33459.04,Small Business,Cash
ORD00151,2025-04-11,Customer 227,West,Furniture,Desk,6,14715,88290,60475.18,27814.82,Small Business,Credit Card
ORD00709,2025-04-11,Customer 100,East,Office Supplies,Notebook,7,84,588,447.78,140.22,Corporate,UPI
ORD00563,2025-04-11,Customer 116,East,Furniture,Office Chair,5,6647,33235,21107.64,12127.36,Consumer,Cash
ORD00928,2025-04-12,Customer 69,West,Furniture,Bookshelf,9,10830,97470,56519.17,40950.83,Corporate,Credit Card
ORD00470,2025-04-12,Customer 219,North,Office Supplies,Printer,5,6988,34940,20875.04,14064.96,Small Business,UPI
ORD00130,2025-04-13,Customer 49,East,Office Supplies,Pen Set,6,253,1518,839.87,678.13,Consumer,Cash
ORD00138,2025-04-13,Customer 223,East,Furniture,Table,4,10619,42476,30456.2,12019.8,Corporate,UPI
ORD00036,2025-04-14,Customer 22,South,Electronics,Laptop,1,54555,54555,36944.84,17610.16,Corporate,Debit Card
ORD00516,2025-04-14,Customer 62,South,Office Supplies,Printer,4,5489,21956,15252.87,6703.13,Corporate,Credit Card
ORD00405,2025-04-15,Customer 218,North,Furniture,Table,3,16684,50052,28980.39,21071.61,Consumer,Cash
ORD00533,2025-04-15,Customer 75,North,Electronics,Smartphone,7,54605,382235,245884.38,136350.62,Consumer,UPI
ORD00574,2025-04-16,Customer 208,South,Furniture,Table,1,15686,15686,12489.37,3196.63,Corporate,Cash
ORD00810,2025-04-18,Customer 80,North,Electronics,Smartphone,7,26991,188937,125967.99,62969.01,Small Business,Credit Card
ORD00053,2025-04-18,Customer 39,West,Electronics,Headphones,5,6323,31615,17523.89,14091.11,Consumer,Debit Card
ORD00148,2025-04-20,Customer 190,South,Furniture,Office Chair,7,16145,113015,87993.82,25021.18,Corporate,Cash
ORD00131,2025-04-20,Customer 63,North,Office Supplies,Notebook,1,197,197,128.77,68.23,Consumer,UPI
ORD00329,2025-04-21,Customer 265,West,Electronics,Smartphone,5,47994,239970,143226.81,96743.19,Corporate,Debit Card
ORD00623,2025-04-22,Customer 159,West,Office Supplies,Printer,7,9675,67725,53795.32,13929.68,Small Business,Credit Card
ORD00369,2025-04-23,Customer 126,East,Office Supplies,File Folder,2,212,424,269.3,154.7,Consumer,Credit Card
ORD00984,2025-04-24,Customer 67,South,Electronics,Tablet,3,32454,97362,71387.7,25974.3,Consumer,UPI
ORD00088,2025-04-25,Customer 30,East,Office Supplies,Pen Set,3,407,1221,838.66,382.34,Corporate,UPI
ORD00725,2025-04-26,Customer 81,East,Electronics,Laptop,1,86993,86993,68089.94,18903.06,Consumer,Credit Card
ORD00739,2025-04-26,Customer 291,South,Furniture,Table,7,13082,91574,57835.44,33738.56,Consumer,Credit Card
ORD00461,2025-04-27,Customer 147,West,Furniture,Desk,8,19812,158496,125271.8,33224.2,Small Business,UPI
ORD00269,2025-04-27,Customer 7,East,Furniture,Office Chair,4,12870,51480,34102.73,17377.27,Corporate,Debit Card
ORD00185,2025-04-28,Customer 242,West,Office Supplies,File Folder,5,71,355,278.43,76.57,Small Business,Cash
ORD00901,2025-04-28,Customer 11,East,Office Supplies,Pen Set,1,397,397,299.1,97.9,Corporate,Debit Card
ORD00017,2025-04-29,Customer 231,North,Furniture,Bookshelf,1,12755,12755,8811.39,3943.61,Small Business,UPI
ORD00797,2025-05-01,Customer 151,East,Office Supplies,Printer,5,11380,56900,37594.25,19305.75,Corporate,Credit Card
ORD00935,2025-05-02,Customer 18,North,Electronics,Smartphone,7,29781,208467,158788.53,49678.47,Consumer,Cash
ORD00688,2025-05-03,Customer 65,South,Furniture,Desk,5,9841,49205,38220.5,10984.5,Small Business,UPI
ORD00172,2025-05-04,Customer 178,South,Electronics,Tablet,4,30297,121188,82560.28,38627.72,Corporate,Credit Card
ORD00159,2025-05-04,Customer 103,North,Electronics,Headphones,7,4042,28294,17818.86,10475.14,Corporate,UPI
ORD00013,2025-05-04,Customer 231,South,Furniture,Table,3,17706,53118,39456.98,13661.02,Consumer,Cash
ORD00424,2025-05-05,Customer 49,East,Furniture,Table,4,10102,40408,23879.93,16528.07,Corporate,Cash
ORD00677,2025-05-05,Customer 208,South,Electronics,Laptop,5,76027,380135,213406.38,166728.62,Consumer,Credit Card
ORD00689,2025-05-05,Customer 146,East,Furniture,Bookshelf,7,5375,37625,24059.41,13565.59,Small Business,Credit Card
ORD00293,2025-05-05,Customer 10,North,Electronics,Laptop,4,71727,286908,220906.0,66002.0,Corporate,UPI
ORD00429,2025-05-06,Customer 70,North,Office Supplies,Pen Set,2,110,220,142.55,77.45,Small Business,Cash
ORD00428,2025-05-07,Customer 235,West,Electronics,Tablet,6,13116,78696,52752.55,25943.45,Consumer,Credit Card
ORD00706,2025-05-07,Customer 130,North,Electronics,Smartphone,4,17795,71180,40118.22,31061.78,Consumer,Debit Card
ORD00011,2025-05-07,Customer 41,North,Furniture,Table,9,9859,88731,62267.74,26463.26,Small Business,Credit Card
ORD00236,2025-05-08,Customer 27,North,Electronics,Smartphone,4,22151,88604,60319.05,28284.95,Small Business,Cash
ORD00228,2025-05-08,Customer 132,South,Office Supplies,Pen Set,4,197,788,513.02,274.98,Small Business,Debit Card
ORD00542,2025-05-08,Customer 11,South,Electronics,Laptop,1,85903,85903,66400.72,19502.28,Corporate,UPI
ORD00678,2025-05-08,Customer 279,East,Electronics,Smartphone,9,43112,388008,290664.98,97343.02,Corporate,UPI
ORD00864,2025-05-09,Customer 177,East,Electronics,Smartphone,4,31885,127540,99847.21,27692.79,Corporate,Credit Card
ORD00161,2025-05-11,Customer 4,North,Office Supplies,Printer,7,17651,123557,85638.21,37918.79,Corporate,Credit Card
ORD00231,2025-05-11,Customer 291,West,Office Supplies,File Folder,9,210,1890,1151.74,738.26,Corporate,Debit Card
ORD00158,2025-05-12,Customer 215,North,Furniture,Office Chair,7,9232,64624,38654.83,25969.17,Corporate,UPI
ORD00752,2025-05-12,Customer 130,East,Office Supplies,Pen Set,1,419,419,279.58,139.42,Corporate,UPI
ORD00280,2025-05-13,Customer 28,East,Electronics,Headphones,4,5494,21976,17263.88,4712.12,Small Business,Debit Card
ORD00294,2025-05-14,Customer 86,South,Office Supplies,Pen Set,2,211,422,314.79,107.21,Corporate,Debit Card
ORD00152,2025-05-15,Customer 73,North,Office Supplies,Pen Set,2,300,600,445.64,154.36,Consumer,Credit Card
ORD00059,2025-05-15,Customer 114,North,Office Supplies,Printer,2,13808,27616,18613.44,9002.56,Small Business,Credit Card
ORD00078,2025-05-16,Customer 145,North,Electronics,Smartphone,5,19835,99175,78998.11,20176.89,Consumer,Credit Card
ORD00839,2025-05-17,Customer 119,South,Furniture,Bookshelf,9,5502,49518,37756.81,11761.19,Corporate,Debit Card
ORD00610,2025-05-17,Customer 209,West,Electronics,Tablet,5,18548,92740,72992.21,19747.79,Corporate,Cash
ORD00987,2025-05-18,Customer 166,South,Electronics,Headphones,1,2231,2231,1722.67,508.33,Consumer,Credit Card
ORD00947,2025-05-18,Customer 194,East,Furniture,Desk,7,7058,49406,37077.05,12328.95,Consumer,UPI
ORD00322,2025-05-18,Customer 268,South,Office Supplies,Pen Set,3,296,888,702.51,185.49,Consumer,Cash
ORD00451,2025-05-18,Customer 22,North,Office Supplies,Pen Set,6,327,1962,1562.17,399.83,Corporate,Credit Card
ORD00523,2025-05-18,Customer 232,East,Furniture,Desk,9,9103,81927,49178.02,32748.98,Consumer,UPI
ORD00348,2025-05-19,Customer 157,East,Furniture,Table,5,12986,64930,42938.96,21991.04,Small Business,UPI
ORD00444,2025-05-19,Customer 271,East,Electronics,Tablet,7,25869,181083,108970.13,72112.87,Consumer,Credit Card
ORD00304,2025-05-19,Customer 61,South,Furniture,Desk,7,21472,150304,118376.15,31927.85,Corporate,UPI
ORD00142,2025-05-20,Customer 280,North,Electronics,Smartphone,5,22083,110415,66787.56,43627.44,Corporate,Debit Card
ORD00657,2025-05-21,Customer 47,North,Furniture,Table,9,5946,53514,29435.2,24078.8,Corporate,Cash
ORD00696,2025-05-22,Customer 126,East,Electronics,Tablet,1,34499,34499,21350.88,13148.12,Corporate,Credit Card
ORD00642,2025-05-22,Customer 219,North,Furniture,Desk,9,14774,132966,85762.37,47203.63,Small Business,Credit Card
ORD00447,2025-05-23,Customer 249,West,Furniture,Office Chair,5,12997,64985,44385.11,20599.89,Corporate,Debit Card
ORD00804,2025-05-24,Customer 63,North,Furniture,Office Chair,3,5572,16716,12748.06,3967.94,Small Business,Debit Card
ORD00576,2025-05-24,Customer 118,South,Office Supplies,Notebook,2,116,232,141.91,90.09,Consumer,Debit Card
ORD00023,2025-05-24,Customer 295,South,Electronics,Laptop,1,89353,89353,70643.54,18709.46,Small Business,Credit Card
ORD00270,2025-05-24,Customer 183,South,Furniture,Bookshelf,5,10140,50700,37635.94,13064.06,Corporate,UPI
ORD00386,2025-05-25,Customer 116,North,Electronics,Headphones,7,1364,9548,6388.77,3159.23,Consumer,Credit Card
ORD00108,2025-05-25,Customer 259,North,Electronics,Laptop,6,51828,310968,210377.93,100590.07,Corporate,Debit Card
ORD00027,2025-05-25,Customer 240,West,Furniture,Table,5,7931,39655,31559.66,8095.34,Consumer,Credit Card
ORD00210,2025-05-26,Customer 228,South,Electronics,Tablet,9,18563,167067,93114.56,73952.44,Small Business,Debit Card
ORD00806,2025-05-27,Customer 167,West,Office Supplies,File Folder,4,118,472,293.73,178.27,Corporate,Credit Card
ORD00457,2025-05-29,Customer 63,North,Furniture,Desk,6,8363,50178,39873.01,10304.99,Small Business,Credit Card
ORD00253,2025-05-29,Customer 144,South,Office Supplies,File Folder,1,193,193,138.23,54.77,Consumer,UPI
ORD00776,2025-05-30,Customer 106,North,Office Supplies,Printer,1,18968,18968,14187.55,4780.45,Corporate,Credit Card
ORD00103,2025-05-30,Customer 95,West,Furniture,Desk,5,8605,43025,26309.33,16715.67,Small Business,Credit Card
ORD00265,2025-05-31,Customer 266,North,Electronics,Smartphone,7,21610,151270,97813.48,53456.52,Corporate,Debit Card
ORD00681,2025-06-01,Customer 280,West,Office Supplies,Notebook,2,289,578,456.15,121.85,Small Business,Debit Card
ORD00658,2025-06-02,Customer 278,North,Office Supplies,Printer,6,16350,98100,64131.9,33968.1,Corporate,Credit Card
ORD00311,2025-06-02,Customer 70,East,Office Supplies,Pen Set,9,120,1080,737.75,342.25,Small Business,Debit Card
ORD00716,2025-06-02,Customer 283,North,Electronics,Tablet,3,32213,96639,60572.01,36066.99,Small Business,Cash
ORD00212,2025-06-03,Customer 100,West,Electronics,Tablet,2,31342,62684,38171.3,24512.7,Corporate,UPI
ORD00193,2025-06-03,Customer 79,East,Office Supplies,File Folder,9,194,1746,1000.09,745.91,Corporate,Debit Card
ORD00281,2025-06-03,Customer 138,South,Furniture,Office Chair,5,11493,57465,43537.42,13927.58,Small Business,Cash
ORD00325,2025-06-03,Customer 101,West,Furniture,Table,6,16168,97008,67859.83,29148.17,Small Business,Credit Card
ORD00241,2025-06-04,Customer 271,South,Furniture,Office Chair,6,14435,86610,52574.0,34036.0,Corporate,Credit Card
ORD00654,2025-06-06,Customer 215,North,Office Supplies,Pen Set,1,106,106,70.34,35.66,Small Business,Debit Card
ORD00192,2025-06-07,Customer 274,East,Electronics,Smartphone,3,41431,124293,95336.55,28956.45,Small Business,Cash
ORD00205,2025-06-07,Customer 25,North,Office Supplies,Notebook,2,295,590,412.01,177.99,Small Business,Debit Card
ORD00848,2025-06-08,Customer 120,South,Office Supplies,Notebook,9,230,2070,1432.95,637.05,Consumer,Credit Card
ORD00075,2025-06-09,Customer 143,East,Office Supplies,Notebook,2,96,192,135.81,56.19,Consumer,Credit Card
ORD00594,2025-06-09,Customer 13,East,Electronics,Smartphone,2,24603,49206,33979.07,15226.93,Small Business,UPI
ORD00347,2025-06-10,Customer 147,South,Furniture,Table,6,16851,101106,67347.55,33758.45,Consumer,Debit Card
ORD00662,2025-06-11,Customer 47,East,Office Supplies,Notebook,2,205,410,255.87,154.13,Small Business,UPI
ORD00315,2025-06-12,Customer 98,South,Office Supplies,File Folder,9,216,1944,1413.21,530.79,Corporate,Debit Card
ORD00664,2025-06-13,Customer 90,North,Office Supplies,Pen Set,2,207,414,322.48,91.52,Small Business,UPI
ORD00247,2025-06-14,Customer 68,South,Furniture,Desk,7,18543,129801,75556.98,54244.02,Corporate,Debit Card
ORD00377,2025-06-16,Customer 300,East,Office Supplies,Printer,1,5340,5340,3394.17,1945.83,Small Business,Cash
ORD00820,2025-06-16,Customer 92,East,Office Supplies,Printer,6,18382,110292,69920.06,40371.94,Corporate,UPI
ORD00327,2025-06-16,Customer 158,North,Furniture,Bookshelf,1,12766,12766,8570.32,4195.68,Corporate,Cash
ORD00605,2025-06-17,Customer 193,West,Electronics,Laptop,9,82247,740223,556172.11,184050.89,Corporate,Cash
ORD00328,2025-06-20,Customer 131,North,Office Supplies,File Folder,6,108,648,382.68,265.32,Consumer,Cash
ORD00873,2025-06-20,Customer 73,North,Office Supplies,Printer,4,21666,86664,62698.44,23965.56,Small Business,Credit Card
ORD00693,2025-06-20,Customer 58,South,Furniture,Office Chair,1,13219,13219,8968.13,4250.87,Consumer,Debit Card
ORD00759,2025-06-21,Customer 217,South,Office Supplies,Pen Set,5,346,1730,1273.24,456.76,Corporate,Debit Card
ORD00249,2025-06-22,Customer 160,North,Electronics,Laptop,2,55051,110102,82586.31,27515.69,Corporate,Cash
ORD00878,2025-06-23,Customer 16,East,Electronics,Laptop,8,55577,444616,328902.11,115713.89,Consumer,UPI
ORD00655,2025-06-24,Customer 164,South,Office Supplies,File Folder,9,75,675,508.91,166.09,Corporate,UPI
ORD00174,2025-06-24,Customer 137,East,Electronics,Smartphone,9,38874,349866,216301.1,133564.9,Consumer,Debit Card
ORD00415,2025-06-24,Customer 171,North,Furniture,Desk,1,10253,10253,6322.71,3930.29,Corporate,Cash
ORD00666,2025-06-25,Customer 249,South,Furniture,Office Chair,2,15846,31692,25319.04,6372.96,Consumer,Debit Card
ORD00326,2025-06-27,Customer 137,West,Electronics,Headphones,6,7509,45054,25719.8,19334.2,Small Business,Debit Card
ORD00748,2025-06-29,Customer 97,North,Office Supplies,Printer,3,19914,59742,35725.96,24016.04,Consumer,UPI
ORD00494,2025-06-30,Customer 39,South,Furniture,Office Chair,9,6029,54261,37350.17,16910.83,Consumer,Debit Card
ORD00834,2025-06-30,Customer 82,North,Office Supplies,Pen Set,9,299,2691,2130.42,560.58,Corporate,Cash
ORD00849,2025-06-30,Customer 259,West,Furniture,Table,6,8407,50442,34922.23,15519.77,Consumer,Debit Card
ORD00308,2025-07-01,Customer 213,South,Furniture,Desk,9,14710,132390,103351.02,29038.98,Corporate,Debit Card
ORD00391,2025-07-02,Customer 141,West,Electronics,Headphones,9,2572,23148,17016.54,6131.46,Consumer,Cash
ORD00870,2025-07-02,Customer 232,North,Office Supplies,Printer,6,17067,102402,61139.94,41262.06,Corporate,Cash
ORD00487,2025-07-02,Customer 92,South,Furniture,Table,4,16889,67556,48122.2,19433.8,Corporate,UPI
ORD00207,2025-07-02,Customer 59,East,Electronics,Smartphone,6,54825,328950,234645.22,94304.78,Corporate,UPI
ORD00620,2025-07-03,Customer 70,West,Electronics,Headphones,6,1691,10146,7852.22,2293.78,Small Business,UPI
ORD00110,2025-07-03,Customer 94,East,Furniture,Office Chair,9,7832,70488,40824.82,29663.18,Consumer,Credit Card
ORD00969,2025-07-05,Customer 288,North,Electronics,Tablet,1,35027,35027,21081.98,13945.02,Consumer,Debit Card
ORD00904,2025-07-05,Customer 26,East,Furniture,Office Chair,8,15450,123600,68246.33,55353.67,Corporate,UPI
ORD00583,2025-07-05,Customer 242,South,Electronics,Tablet,6,25159,150954,107820.05,43133.95,Consumer,Cash
ORD00213,2025-07-06,Customer 111,South,Office Supplies,Printer,2,5374,10748,7021.21,3726.79,Small Business,Credit Card
ORD00472,2025-07-06,Customer 148,West,Office Supplies,Printer,7,6518,45626,35946.71,9679.29,Small Business,Cash
ORD00354,2025-07-06,Customer 17,West,Office Supplies,Printer,6,23184,139104,104908.14,34195.86,Consumer,UPI
ORD00274,2025-07-07,Customer 21,South,Electronics,Tablet,9,38035,342315,261833.77,80481.23,Consumer,Credit Card
ORD00614,2025-07-08,Customer 17,East,Furniture,Bookshelf,8,6059,48472,31633.99,16838.01,Consumer,Credit Card
ORD00952,2025-07-08,Customer 95,South,Electronics,Laptop,8,58434,467472,289755.45,177716.55,Corporate,Debit Card
ORD00679,2025-07-08,Customer 284,South,Furniture,Office Chair,9,10649,95841,74948.9,20892.1,Small Business,Cash
ORD00675,2025-07-10,Customer 136,East,Electronics,Headphones,4,2714,10856,6139.18,4716.82,Consumer,UPI
ORD00902,2025-07-11,Customer 44,South,Electronics,Smartphone,5,17147,85735,49159.58,36575.42,Consumer,UPI
ORD00240,2025-07-12,Customer 141,East,Furniture,Desk,1,12495,12495,8516.9,3978.1,Corporate,Debit Card
ORD00368,2025-07-12,Customer 148,East,Electronics,Headphones,5,2591,12955,9592.88,3362.12,Consumer,Debit Card
ORD00323,2025-07-12,Customer 238,West,Furniture,Office Chair,5,12239,61195,45864.34,15330.66,Corporate,Debit Card
ORD00475,2025-07-13,Customer 248,South,Office Supplies,Printer,5,20438,102190,61648.29,40541.71,Corporate,Debit Card
ORD00718,2025-07-13,Customer 224,East,Office Supplies,Pen Set,1,326,326,243.93,82.07,Small Business,Debit Card
ORD00766,2025-07-14,Customer 140,South,Office Supplies,Pen Set,2,497,994,746.89,247.11,Consumer,Credit Card
ORD00652,2025-07-16,Customer 117,North,Electronics,Headphones,9,2893,26037,17942.52,8094.48,Corporate,Credit Card
ORD00841,2025-07-16,Customer 67,North,Electronics,Tablet,3,30645,91935,66127.58,25807.42,Consumer,Cash
ORD00643,2025-07-19,Customer 54,South,Electronics,Headphones,7,5703,39921,23722.03,16198.97,Small Business,Cash
ORD00801,2025-07-21,Customer 105,West,Furniture,Desk,4,8204,32816,20773.94,12042.06,Consumer,Cash
ORD00065,2025-07-22,Customer 39,North,Office Supplies,Pen Set,5,152,760,568.4,191.6,Consumer,Debit Card
ORD00572,2025-07-23,Customer 288,North,Office Supplies,Pen Set,4,157,628,416.93,211.07,Consumer,Cash
ORD00585,2025-07-24,Customer 240,South,Furniture,Table,6,8932,53592,32507.24,21084.76,Consumer,Cash
ORD00514,2025-07-24,Customer 71,West,Electronics,Laptop,3,74255,222765,162241.75,60523.25,Consumer,UPI
ORD00431,2025-07-24,Customer 125,South,Furniture,Desk,6,7619,45714,34200.87,11513.13,Consumer,UPI
ORD00601,2025-07-25,Customer 98,East,Electronics,Smartphone,5,31244,156220,102654.42,53565.58,Corporate,Credit Card
ORD00511,2025-07-25,Customer 122,East,Furniture,Table,7,15813,110691,71242.95,39448.05,Small Business,Cash
ORD00504,2025-07-27,Customer 17,East,Office Supplies,Printer,1,18414,18414,12057.82,6356.18,Consumer,UPI
ORD00127,2025-07-28,Customer 244,North,Office Supplies,Notebook,4,106,424,233.69,190.31,Corporate,UPI
ORD00387,2025-07-28,Customer 294,East,Electronics,Laptop,1,86703,86703,52897.12,33805.88,Small Business,Credit Card
ORD00986,2025-07-29,Customer 123,South,Office Supplies,Printer,8,6531,52248,39929.88,12318.12,Consumer,Debit Card
ORD00165,2025-07-30,Customer 177,East,Office Supplies,Printer,9,8430,75870,51639.38,24230.62,Consumer,Debit Card
ORD00876,2025-07-30,Customer 209,East,Electronics,Headphones,7,5631,39417,24499.0,14918.0,Consumer,Credit Card
ORD00767,2025-07-31,Customer 234,North,Furniture,Table,2,15987,31974,18572.5,13401.5,Small Business,UPI
ORD00018,2025-07-31,Customer 170,North,Electronics,Headphones,7,2722,19054,13789.31,5264.69,Corporate,Credit Card
ORD00256,2025-07-31,Customer 258,East,Electronics,Headphones,1,6782,6782,4176.21,2605.79,Consumer,Credit Card
ORD00349,2025-08-01,Customer 194,West,Office Supplies,File Folder,4,199,796,594.36,201.64,Corporate,UPI
ORD00263,2025-08-02,Customer 173,West,Furniture,Office Chair,2,5963,11926,6962.3,4963.7,Consumer,UPI
ORD00665,2025-08-04,Customer 44,West,Electronics,Laptop,7,55209,386463,229670.47,156792.53,Corporate,UPI
ORD00169,2025-08-06,Customer 148,North,Office Supplies,Notebook,7,101,707,400.34,306.66,Small Business,Debit Card
ORD00292,2025-08-06,Customer 129,West,Furniture,Office Chair,8,13553,108424,74759.5,33664.5,Consumer,UPI
ORD00227,2025-08-07,Customer 245,North,Electronics,Laptop,9,71592,644328,494643.11,149684.89,Small Business,Credit Card
ORD00520,2025-08-08,Customer 207,West,Office Supplies,File Folder,5,171,855,529.77,325.23,Small Business,UPI
ORD00317,2025-08-10,Customer 294,West,Electronics,Smartphone,3,27924,83772,61766.85,22005.15,Small Business,Debit Card
ORD00575,2025-08-10,Customer 287,West,Office Supplies,Pen Set,9,466,4194,2477.39,1716.61,Small Business,Debit Card
ORD00674,2025-08-11,Customer 147,East,Electronics,Tablet,6,17515,105090,68250.53,36839.47,Small Business,Debit Card
ORD00182,2025-08-11,Customer 12,East,Furniture,Bookshelf,2,6403,12806,8823.92,3982.08,Corporate,Cash
ORD00692,2025-08-11,Customer 177,East,Office Supplies,Notebook,5,139,695,471.41,223.59,Consumer,Debit Card
ORD00846,2025-08-11,Customer 180,South,Furniture,Table,1,5354,5354,3795.49,1558.51,Small Business,UPI
ORD00883,2025-08-14,Customer 83,North,Furniture,Desk,4,9040,36160,25082.22,11077.78,Consumer,Cash
ORD00199,2025-08-14,Customer 86,West,Office Supplies,File Folder,9,95,855,500.71,354.29,Consumer,Debit Card
ORD00456,2025-08-15,Customer 251,North,Office Supplies,Printer,7,5508,38556,29511.64,9044.36,Consumer,Credit Card
ORD00314,2025-08-15,Customer 152,North,Office Supplies,Printer,9,5597,50373,34772.77,15600.23,Consumer,Debit Card
ORD00749,2025-08-16,Customer 43,East,Furniture,Bookshelf,3,11481,34443,24329.1,10113.9,Consumer,Credit Card
ORD00768,2025-08-18,Customer 276,East,Furniture,Bookshelf,1,10447,10447,7184.04,3262.96,Corporate,UPI
ORD00433,2025-08-18,Customer 88,South,Electronics,Headphones,1,6158,6158,4589.79,1568.21,Corporate,Credit Card
ORD00527,2025-08-20,Customer 166,East,Office Supplies,Pen Set,5,403,2015,1265.52,749.48,Corporate,Cash
ORD00288,2025-08-20,Customer 150,East,Furniture,Bookshelf,7,13951,97657,58043.14,39613.86,Consumer,Debit Card
ORD00747,2025-08-21,Customer 294,East,Electronics,Smartphone,7,29201,204407,117977.72,86429.28,Corporate,Credit Card
ORD00875,2025-08-21,Customer 2,West,Furniture,Office Chair,2,14017,28034,20347.62,7686.38,Corporate,Credit Card
ORD00631,2025-08-23,Customer 12,West,Furniture,Desk,9,17401,156609,93317.52,63291.48,Consumer,Cash
ORD00789,2025-08-23,Customer 42,East,Office Supplies,Printer,4,18472,73888,51736.23,22151.77,Corporate,Credit Card
ORD00430,2025-08-23,Customer 274,East,Furniture,Table,9,10451,94059,57835.51,36223.49,Small Business,UPI
ORD00353,2025-08-24,Customer 295,North,Electronics,Laptop,8,87418,699344,532187.6,167156.4,Consumer,Credit Card
ORD00435,2025-08-25,Customer 278,North,Furniture,Table,2,8638,17276,12649.75,4626.25,Small Business,Credit Card
ORD00860,2025-08-25,Customer 164,East,Furniture,Desk,1,24509,24509,19457.71,5051.29,Small Business,Debit Card
ORD00670,2025-08-27,Customer 22,South,Office Supplies,Pen Set,2,295,590,376.58,213.42,Small Business,Debit Card
ORD00422,2025-08-30,Customer 143,West,Office Supplies,Printer,8,5630,45040,33613.23,11426.77,Corporate,Credit Card
ORD00267,2025-08-31,Customer 260,West,Office Supplies,Notebook,3,56,168,121.47,46.53,Small Business,Cash
ORD00639,2025-09-01,Customer 261,North,Electronics,Laptop,9,80005,720045,561346.64,158698.36,Small Business,Cash
ORD00030,2025-09-02,Customer 263,West,Electronics,Smartphone,7,36918,258426,198816.12,59609.88,Corporate,Cash
ORD00703,2025-09-02,Customer 298,North,Electronics,Tablet,9,25277,227493,139691.59,87801.41,Consumer,Cash
ORD00736,2025-09-02,Customer 62,South,Furniture,Bookshelf,3,9077,27231,18759.09,8471.91,Consumer,Debit Card
ORD00701,2025-09-02,Customer 69,East,Office Supplies,Notebook,4,258,1032,572.8,459.2,Consumer,Cash
ORD00595,2025-09-03,Customer 163,West,Electronics,Tablet,3,35888,107664,76663.12,31000.88,Corporate,Cash
ORD00337,2025-09-03,Customer 190,East,Furniture,Bookshelf,2,10701,21402,14234.25,7167.75,Small Business,Debit Card
ORD00015,2025-09-04,Customer 131,North,Office Supplies,File Folder,8,84,672,448.93,223.07,Consumer,Debit Card
ORD00588,2025-09-04,Customer 111,North,Office Supplies,Notebook,1,232,232,140.26,91.74,Consumer,Credit Card
ORD00568,2025-09-05,Customer 192,East,Furniture,Bookshelf,8,8485,67880,43543.08,24336.92,Corporate,Cash
ORD00676,2025-09-05,Customer 226,North,Office Supplies,Notebook,5,298,1490,1161.28,328.72,Corporate,Cash
ORD00448,2025-09-06,Customer 85,North,Furniture,Office Chair,9,14865,133785,80289.74,53495.26,Small Business,Cash
ORD00627,2025-09-09,Customer 199,South,Office Supplies,File Folder,1,96,96,57.85,38.15,Corporate,Cash
ORD00477,2025-09-09,Customer 288,South,Office Supplies,Printer,4,16336,65344,49658.2,15685.8,Corporate,Credit Card
ORD00218,2025-09-11,Customer 251,North,Office Supplies,File Folder,8,205,1640,1256.33,383.67,Corporate,Debit Card
ORD00702,2025-09-12,Customer 189,East,Electronics,Smartphone,2,51444,102888,80554.63,22333.37,Consumer,Cash
ORD00898,2025-09-13,Customer 69,South,Office Supplies,File Folder,2,145,290,195.51,94.49,Corporate,Cash
ORD00343,2025-09-13,Customer 86,North,Office Supplies,File Folder,8,51,408,292.52,115.48,Small Business,UPI
ORD00117,2025-09-14,Customer 157,North,Electronics,Tablet,8,33951,271608,160705.75,110902.25,Corporate,UPI
ORD00097,2025-09-14,Customer 238,East,Office Supplies,Pen Set,8,470,3760,2738.55,1021.45,Small Business,Cash
ORD00443,2025-09-19,Customer 109,North,Electronics,Headphones,7,1873,13111,10124.6,2986.4,Consumer,Cash
ORD00302,2025-09-19,Customer 113,East,Furniture,Bookshelf,1,13398,13398,8158.91,5239.09,Small Business,UPI
ORD00370,2025-09-19,Customer 204,South,Furniture,Desk,5,20703,103515,66368.48,37146.52,Consumer,UPI
ORD00977,2025-09-21,Customer 164,East,Electronics,Laptop,1,80936,80936,59026.25,21909.75,Consumer,Debit Card
ORD00400,2025-09-22,Customer 290,South,Office Supplies,Pen Set,7,363,2541,1569.96,971.04,Corporate,UPI
ORD00206,2025-09-22,Customer 183,West,Electronics,Tablet,7,37325,261275,165706.86,95568.14,Small Business,Cash
ORD00936,2025-09-23,Customer 101,South,Furniture,Desk,1,16746,16746,10208.1,6537.9,Consumer,Cash
ORD00991,2025-09-24,Customer 92,South,Office Supplies,Printer,4,15218,60872,37316.73,23555.27,Small Business,Cash
ORD00941,2025-09-25,Customer 31,West,Electronics,Smartphone,9,46225,416025,319756.61,96268.39,Small Business,UPI
ORD00602,2025-09-25,Customer 108,West,Furniture,Bookshelf,5,14589,72945,49972.73,22972.27,Consumer,UPI
ORD00202,2025-09-26,Customer 9,South,Office Supplies,Printer,7,23279,162953,115551.2,47401.8,Consumer,UPI
ORD00965,2025-09-26,Customer 206,North,Electronics,Headphones,3,6886,20658,16100.85,4557.15,Corporate,UPI
ORD00471,2025-09-27,Customer 280,South,Electronics,Tablet,2,26114,52228,32231.65,19996.35,Corporate,Debit Card
ORD00378,2025-09-28,Customer 111,South,Electronics,Tablet,1,13627,13627,9480.93,4146.07,Small Business,Cash
ORD00823,2025-09-30,Customer 237,South,Electronics,Tablet,9,28935,260415,153288.14,107126.86,Consumer,UPI
ORD00334,2025-10-01,Customer 191,East,Furniture,Desk,9,12779,115011,69788.09,45222.91,Corporate,Credit Card
ORD00307,2025-10-02,Customer 280,North,Furniture,Desk,4,22078,88312,68528.2,19783.8,Corporate,Credit Card
ORD00555,2025-10-04,Customer 237,South,Furniture,Table,5,14949,74745,57072.68,17672.32,Corporate,Cash
ORD00134,2025-10-05,Customer 264,North,Office Supplies,File Folder,1,163,163,109.9,53.1,Small Business,UPI
ORD00660,2025-10-05,Customer 218,West,Office Supplies,File Folder,5,237,1185,699.94,485.06,Consumer,UPI
ORD00105,2025-10-07,Customer 118,North,Electronics,Smartphone,4,29043,116172,90538.52,25633.48,Corporate,Cash
ORD00497,2025-10-07,Customer 108,South,Furniture,Bookshelf,8,4596,36768,26829.05,9938.95,Corporate,Debit Card
ORD00012,2025-10-09,Customer 63,East,Electronics,Laptop,9,52568,473112,351551.17,121560.83,Small Business,Credit Card
ORD00248,2025-10-09,Customer 70,North,Furniture,Bookshelf,4,11843,47372,28326.88,19045.12,Small Business,Cash
ORD00930,2025-10-10,Customer 178,North,Office Supplies,Notebook,8,161,1288,990.07,297.93,Small Business,Cash
ORD00271,2025-10-11,Customer 65,North,Furniture,Office Chair,6,9837,59022,36295.77,22726.23,Consumer,Debit Card
ORD00403,2025-10-12,Customer 121,North,Office Supplies,File Folder,9,113,1017,639.76,377.24,Small Business,UPI
ORD00778,2025-10-13,Customer 2,West,Furniture,Table,3,16530,49590,35002.85,14587.15,Corporate,UPI
ORD00071,2025-10-14,Customer 242,West,Office Supplies,Printer,3,20485,61455,41368.82,20086.18,Corporate,Debit Card
ORD00590,2025-10-14,Customer 145,South,Furniture,Table,1,9624,9624,6634.09,2989.91,Consumer,Cash
ORD00629,2025-10-17,Customer 182,South,Office Supplies,Pen Set,1,281,281,196.92,84.08,Corporate,Cash
ORD00782,2025-10-18,Customer 51,South,Office Supplies,Printer,7,14661,102627,56752.81,45874.19,Corporate,Cash
ORD00380,2025-10-18,Customer 101,West,Furniture,Office Chair,7,7567,52969,29655.48,23313.52,Corporate,UPI
ORD00394,2025-10-18,Customer 162,South,Electronics,Tablet,6,34031,204186,147103.18,57082.82,Corporate,Cash
ORD00358,2025-10-19,Customer 161,East,Furniture,Bookshelf,7,7760,54320,38075.54,16244.46,Corporate,Credit Card
ORD00038,2025-10-20,Customer 4,East,Office Supplies,File Folder,1,246,246,149.46,96.54,Consumer,Cash
ORD00032,2025-10-20,Customer 208,East,Office Supplies,Pen Set,7,108,756,468.51,287.49,Corporate,Cash
ORD00048,2025-10-20,Customer 145,West,Electronics,Headphones,2,1635,3270,2382.68,887.32,Small Business,UPI
ORD00287,2025-10-22,Customer 126,West,Electronics,Laptop,9,84964,764676,564912.41,199763.59,Corporate,Cash
ORD00441,2025-10-22,Customer 99,West,Electronics,Headphones,5,5746,28730,19847.58,8882.42,Corporate,UPI
ORD00155,2025-10-22,Customer 81,East,Office Supplies,File Folder,8,132,1056,774.11,281.89,Consumer,Debit Card
ORD00061,2025-10-25,Customer 151,South,Electronics,Headphones,2,6104,12208,9084.01,3123.99,Consumer,Cash
ORD00115,2025-10-26,Customer 145,North,Furniture,Desk,1,11670,11670,7885.19,3784.81,Small Business,UPI
ORD00257,2025-10-27,Customer 196,South,Electronics,Laptop,3,88067,264201,163785.04,100415.96,Small Business,Debit Card
ORD00383,2025-10-27,Customer 108,West,Office Supplies,File Folder,6,66,396,311.76,84.24,Corporate,UPI
ORD00469,2025-10-30,Customer 202,North,Office Supplies,Notebook,9,185,1665,943.85,721.15,Corporate,Debit Card
ORD00259,2025-10-31,Customer 134,East,Office Supplies,Printer,6,6826,40956,29430.0,11526.0,Small Business,Cash
ORD00237,2025-10-31,Customer 146,South,Electronics,Tablet,8,35695,285560,163456.42,122103.58,Consumer,Credit Card
ORD00997,2025-11-02,Customer 267,South,Office Supplies,Pen Set,1,327,327,239.23,87.77,Corporate,UPI
ORD00022,2025-11-02,Customer 96,West,Electronics,Tablet,8,13998,111984,66302.68,45681.32,Consumer,Cash
ORD00554,2025-11-02,Customer 187,South,Furniture,Desk,4,24958,99832,78176.51,21655.49,Small Business,Debit Card
ORD00645,2025-11-03,Customer 131,West,Electronics,Headphones,6,5103,30618,19252.9,11365.1,Small Business,Credit Card
ORD00956,2025-11-04,Customer 234,East,Office Supplies,File Folder,8,173,1384,761.64,622.36,Consumer,Debit Card
ORD00897,2025-11-05,Customer 130,North,Office Supplies,Notebook,3,190,570,442.62,127.38,Corporate,Credit Card
ORD00522,2025-11-05,Customer 79,North,Furniture,Desk,6,22228,133368,102666.21,30701.79,Corporate,Debit Card
ORD00056,2025-11-05,Customer 33,North,Electronics,Laptop,4,68071,272284,195851.73,76432.27,Consumer,UPI
ORD00060,2025-11-06,Customer 192,East,Furniture,Table,4,5728,22912,17203.94,5708.06,Consumer,UPI
ORD00077,2025-11-06,Customer 90,West,Furniture,Table,5,18319,91595,54262.71,37332.29,Corporate,Cash
ORD00923,2025-11-07,Customer 115,West,Furniture,Table,1,11566,11566,8226.75,3339.25,Small Business,UPI
ORD00519,2025-11-08,Customer 222,North,Electronics,Laptop,6,60744,364464,224515.47,139948.53,Consumer,Debit Card
ORD00836,2025-11-08,Customer 68,East,Furniture,Desk,7,11911,83377,61208.58,22168.42,Consumer,Credit Card
ORD00321,2025-11-09,Customer 279,North,Furniture,Table,1,6577,6577,4435.88,2141.12,Small Business,Debit Card
ORD00646,2025-11-09,Customer 260,East,Office Supplies,Pen Set,4,208,832,511.0,321.0,Corporate,UPI
ORD00367,2025-11-09,Customer 290,West,Office Supplies,Printer,9,6141,55269,40147.21,15121.79,Consumer,UPI
ORD00179,2025-11-11,Customer 269,East,Furniture,Table,1,19906,19906,15264.39,4641.61,Consumer,Credit Card
ORD00389,2025-11-11,Customer 152,East,Office Supplies,Printer,5,23383,116915,88264.92,28650.08,Corporate,Credit Card
ORD00043,2025-11-12,Customer 247,South,Office Supplies,Pen Set,6,275,1650,1135.54,514.46,Small Business,Debit Card
ORD00216,2025-11-13,Customer 1,North,Furniture,Desk,9,16472,148248,98193.32,50054.68,Corporate,Cash
ORD00123,2025-11-13,Customer 133,West,Office Supplies,Notebook,1,160,160,117.04,42.96,Consumer,Cash
ORD00345,2025-11-14,Customer 201,North,Furniture,Office Chair,5,6348,31740,19459.06,12280.94,Consumer,Cash
ORD00381,2025-11-15,Customer 47,West,Office Supplies,Pen Set,5,453,2265,1654.66,610.34,Corporate,Credit Card
ORD00201,2025-11-16,Customer 122,South,Electronics,Laptop,4,65525,262100,181343.11,80756.89,Small Business,Debit Card
ORD00041,2025-11-16,Customer 280,South,Office Supplies,Printer,6,5569,33414,26146.6,7267.4,Small Business,Debit Card
ORD00972,2025-11-18,Customer 8,East,Furniture,Table,2,6325,12650,7013.52,5636.48,Small Business,UPI
ORD00632,2025-11-18,Customer 276,East,Office Supplies,Printer,9,15079,135711,102012.52,33698.48,Corporate,Credit Card
ORD00081,2025-11-19,Customer 98,North,Office Supplies,Pen Set,5,381,1905,1229.15,675.85,Small Business,UPI
ORD00906,2025-11-19,Customer 282,North,Office Supplies,Printer,8,18956,151648,100094.52,51553.48,Corporate,UPI
ORD00352,2025-11-19,Customer 141,North,Furniture,Table,3,6455,19365,12009.61,7355.39,Corporate,Credit Card
ORD00203,2025-11-20,Customer 84,South,Office Supplies,Notebook,2,253,506,388.48,117.52,Small Business,UPI
ORD00484,2025-11-21,Customer 209,North,Office Supplies,Printer,6,6014,36084,26502.95,9581.05,Consumer,Debit Card
ORD00284,2025-11-23,Customer 160,East,Electronics,Headphones,8,1769,14152,9913.06,4238.94,Corporate,UPI
ORD00194,2025-11-23,Customer 24,West,Electronics,Headphones,7,7530,52710,39490.3,13219.7,Corporate,UPI
ORD00799,2025-11-24,Customer 284,West,Electronics,Laptop,9,60763,546867,355877.98,190989.02,Small Business,Credit Card
ORD00467,2025-11-24,Customer 79,East,Furniture,Bookshelf,4,10432,41728,29644.97,12083.03,Corporate,UPI
ORD00485,2025-11-24,Customer 37,North,Office Supplies,Pen Set,9,394,3546,2188.64,1357.36,Corporate,Cash
ORD00528,2025-11-25,Customer 207,West,Electronics,Smartphone,1,32375,32375,20306.86,12068.14,Small Business,Debit Card
ORD00573,2025-11-26,Customer 284,North,Furniture,Bookshelf,3,9305,27915,17294.24,10620.76,Corporate,Debit Card
ORD00587,2025-11-26,Customer 162,East,Furniture,Desk,9,15806,142254,112726.47,29527.53,Small Business,Cash
ORD00164,2025-11-27,Customer 272,West,Electronics,Headphones,1,5572,5572,3116.97,2455.03,Small Business,Credit Card
ORD00685,2025-11-29,Customer 289,East,Electronics,Smartphone,7,43379,303653,198893.55,104759.45,Small Business,Cash
ORD00950,2025-11-30,Customer 151,North,Office Supplies,Printer,3,9655,28965,21985.01,6979.99,Consumer,Cash
ORD00180,2025-11-30,Customer 7,North,Furniture,Office Chair,4,9286,37144,26920.03,10223.97,Small Business,Credit Card
ORD00962,2025-12-01,Customer 290,South,Office Supplies,File Folder,8,116,928,601.04,326.96,Small Business,Debit Card
ORD00392,2025-12-03,Customer 104,East,Office Supplies,Notebook,1,213,213,154.43,58.57,Consumer,Debit Card
ORD00746,2025-12-04,Customer 219,North,Office Supplies,File Folder,1,85,85,50.56,34.44,Consumer,Credit Card
ORD00051,2025-12-04,Customer 69,South,Furniture,Office Chair,1,8343,8343,5666.35,2676.65,Consumer,UPI
ORD00301,2025-12-04,Customer 19,West,Office Supplies,Printer,6,18428,110568,82611.29,27956.71,Consumer,Cash
ORD00273,2025-12-08,Customer 34,West,Electronics,Laptop,5,79300,396500,266471.9,130028.1,Corporate,Cash
ORD00140,2025-12-09,Customer 11,South,Office Supplies,File Folder,2,51,102,79.32,22.68,Small Business,Debit Card
ORD00082,2025-12-09,Customer 133,South,Electronics,Laptop,5,79189,395945,286239.96,109705.04,Small Business,Credit Card
ORD00305,2025-12-10,Customer 51,North,Office Supplies,Pen Set,1,449,449,340.31,108.69,Small Business,Debit Card
ORD00796,2025-12-10,Customer 65,West,Furniture,Bookshelf,8,12446,99568,70331.8,29236.2,Small Business,Cash
ORD00638,2025-12-11,Customer 46,West,Office Supplies,File Folder,1,136,136,93.72,42.28,Small Business,Cash
ORD00490,2025-12-14,Customer 21,South,Furniture,Desk,5,12103,60515,41096.11,19418.89,Small Business,UPI
ORD00756,2025-12-15,Customer 149,South,Furniture,Office Chair,2,7415,14830,10312.65,4517.35,Small Business,Credit Card
ORD00106,2025-12-15,Customer 26,East,Furniture,Desk,3,12560,37680,27491.87,10188.13,Consumer,Cash
ORD00276,2025-12-15,Customer 247,South,Office Supplies,Printer,2,23663,47326,31489.27,15836.73,Small Business,Debit Card
ORD00843,2025-12-17,Customer 211,North,Furniture,Desk,3,23708,71124,51963.4,19160.6,Corporate,Cash
ORD00010,2025-12-20,Customer 237,South,Office Supplies,File Folder,9,239,2151,1358.0,793.0,Small Business,Credit Card
ORD00538,2025-12-21,Customer 128,West,Electronics,Headphones,8,6148,49184,32256.53,16927.47,Small Business,Cash
ORD00915,2025-12-22,Customer 12,North,Furniture,Office Chair,1,8675,8675,6103.95,2571.05,Consumer,Debit Card
ORD00132,2025-12-23,Customer 32,South,Electronics,Laptop,7,52482,367374,221334.16,146039.84,Consumer,Credit Card
ORD00107,2025-12-24,Customer 225,West,Furniture,Office Chair,6,14333,85998,62584.02,23413.98,Consumer,Cash
ORD00757,2025-12-24,Customer 101,North,Furniture,Table,1,7321,7321,5360.56,1960.44,Corporate,Credit Card
ORD00765,2025-12-24,Customer 63,East,Furniture,Bookshelf,1,8633,8633,4806.14,3826.86,Consumer,Debit Card
ORD00831,2025-12-25,Customer 109,North,Furniture,Desk,3,24483,73449,53351.33,20097.67,Corporate,UPI
ORD00817,2025-12-25,Customer 49,North,Electronics,Laptop,1,53149,53149,31680.81,21468.19,Consumer,Credit Card
ORD00911,2025-12-25,Customer 233,South,Furniture,Bookshelf,8,13137,105096,82235.93,22860.07,Consumer,UPI
ORD00453,2025-12-26,Customer 273,West,Office Supplies,Notebook,1,188,188,132.94,55.06,Small Business,Credit Card
ORD00388,2025-12-26,Customer 171,East,Furniture,Bookshelf,2,14719,29438,23029.77,6408.23,Corporate,Debit Card
ORD00727,2025-12-26,Customer 278,South,Electronics,Smartphone,9,39426,354834,276327.11,78506.89,Small Business,Credit Card
ORD00684,2025-12-26,Customer 151,West,Furniture,Desk,8,17472,139776,98916.59,40859.41,Corporate,UPI
ORD00872,2025-12-27,Customer 221,North,Electronics,Tablet,1,18058,18058,13716.86,4341.14,Corporate,UPI
ORD00045,2025-12-27,Customer 51,North,Office Supplies,File Folder,3,192,576,370.88,205.12,Corporate,UPI
ORD00828,2025-12-28,Customer 285,North,Furniture,Desk,9,14837,133533,90079.13,43453.87,Small Business,Cash
ORD00543,2025-12-28,Customer 52,East,Office Supplies,File Folder,2,69,138,77.81,60.19,Consumer,Cash
ORD00313,2025-12-30,Customer 161,South,Furniture,Office Chair,5,16844,84220,60094.65,24125.35,Consumer,Cash
ORD00879,2025-12-30,Customer 115,West,Furniture,Desk,9,11065,99585,69552.27,30032.73,Small Business,Credit Card
